-- phpMyAdmin SQL Dump
-- version 5.2.0
-- https://www.phpmyadmin.net/
--
-- Host: localhost:3306
-- Generation Time: Feb 22, 2024 at 03:41 AM
-- Server version: 8.0.30
-- PHP Version: 8.1.10

SET SQL_MODE = "NO_AUTO_VALUE_ON_ZERO";
START TRANSACTION;
SET time_zone = "+00:00";


/*!40101 SET @OLD_CHARACTER_SET_CLIENT=@@CHARACTER_SET_CLIENT */;
/*!40101 SET @OLD_CHARACTER_SET_RESULTS=@@CHARACTER_SET_RESULTS */;
/*!40101 SET @OLD_COLLATION_CONNECTION=@@COLLATION_CONNECTION */;
/*!40101 SET NAMES utf8mb4 */;

--
-- Database: `php2`
--

-- --------------------------------------------------------

--
-- Table structure for table `addresses`
--

CREATE TABLE `addresses` (
  `id` bigint UNSIGNED NOT NULL,
  `user_id` bigint UNSIGNED NOT NULL,
  `name` varchar(128) COLLATE utf8mb4_unicode_ci NOT NULL,
  `phone` varchar(10) COLLATE utf8mb4_unicode_ci NOT NULL,
  `ward_id` bigint UNSIGNED NOT NULL,
  `address_info` varchar(255) COLLATE utf8mb4_unicode_ci NOT NULL,
  `note` varchar(255) COLLATE utf8mb4_unicode_ci NOT NULL
) ENGINE=InnoDB DEFAULT CHARSET=utf8mb4 COLLATE=utf8mb4_unicode_ci;

-- --------------------------------------------------------

--
-- Table structure for table `carts`
--

CREATE TABLE `carts` (
  `id` bigint UNSIGNED NOT NULL,
  `customer_id` bigint UNSIGNED NOT NULL,
  `product_id` bigint UNSIGNED NOT NULL,
  `qty` int NOT NULL,
  `price` decimal(10,2) NOT NULL
) ENGINE=InnoDB DEFAULT CHARSET=utf8mb4 COLLATE=utf8mb4_unicode_ci;

-- --------------------------------------------------------

--
-- Table structure for table `comments`
--

CREATE TABLE `comments` (
  `id` bigint UNSIGNED NOT NULL,
  `content` text COLLATE utf8mb4_unicode_ci NOT NULL,
  `user_id` bigint UNSIGNED NOT NULL,
  `post_id` bigint UNSIGNED NOT NULL,
  `parent_id` bigint UNSIGNED DEFAULT NULL,
  `created_at` timestamp NULL DEFAULT NULL,
  `updated_at` timestamp NULL DEFAULT NULL
) ENGINE=InnoDB DEFAULT CHARSET=utf8mb4 COLLATE=utf8mb4_unicode_ci;

--
-- Dumping data for table `comments`
--

INSERT INTO `comments` (`id`, `content`, `user_id`, `post_id`, `parent_id`, `created_at`, `updated_at`) VALUES
(1, 'hay lắm', 10, 3, 3, '2024-01-17 09:08:01', '2024-01-17 09:08:01'),
(2, '<script>aleart(\"ha\")</script>', 10, 3, 3, '2024-02-01 20:49:42', '2024-02-01 20:49:42');

-- --------------------------------------------------------

--
-- Table structure for table `crawls`
--

CREATE TABLE `crawls` (
  `id` bigint UNSIGNED NOT NULL,
  `title` longtext COLLATE utf8mb4_unicode_ci NOT NULL,
  `content` longtext COLLATE utf8mb4_unicode_ci NOT NULL,
  `description` longtext COLLATE utf8mb4_unicode_ci NOT NULL,
  `created_at` timestamp NULL DEFAULT NULL,
  `updated_at` timestamp NULL DEFAULT NULL
) ENGINE=InnoDB DEFAULT CHARSET=utf8mb4 COLLATE=utf8mb4_unicode_ci;

-- --------------------------------------------------------

--
-- Table structure for table `customers`
--

CREATE TABLE `customers` (
  `id` bigint UNSIGNED NOT NULL,
  `user_id` bigint UNSIGNED NOT NULL,
  `name` varchar(255) CHARACTER SET utf8mb4 COLLATE utf8mb4_unicode_ci NOT NULL,
  `phone` varchar(255) CHARACTER SET utf8mb4 COLLATE utf8mb4_unicode_ci NOT NULL,
  `address` varchar(255) CHARACTER SET utf8mb4 COLLATE utf8mb4_unicode_ci NOT NULL,
  `email` varchar(255) CHARACTER SET utf8mb4 COLLATE utf8mb4_unicode_ci NOT NULL,
  `content` text CHARACTER SET utf8mb4 COLLATE utf8mb4_unicode_ci,
  `created_at` timestamp NULL DEFAULT NULL,
  `updated_at` timestamp NULL DEFAULT NULL
) ENGINE=InnoDB DEFAULT CHARSET=utf8mb4 COLLATE=utf8mb4_unicode_ci;

--
-- Dumping data for table `customers`
--

INSERT INTO `customers` (`id`, `user_id`, `name`, `phone`, `address`, `email`, `content`, `created_at`, `updated_at`) VALUES
(107, 6, 'cada', '232132432', 'Xã Bình An, Huyện Kiên Lương, Kiên Giang', 'truongvangiap04@gmail.com', 'tert', '2023-10-12 00:26:47', '2023-10-12 00:26:47'),
(108, 6, 'cada', '232132432', 'Xã Bình An, Huyện Kiên Lương, Kiên Giang', 'truongvangiap04@gmail.com', 'tert', '2023-10-12 00:27:13', '2023-10-12 00:27:13'),
(109, 6, 'beovan', '232132432', 'Xã Bình An, Huyện Kiên Lương, Kiên Giang', 'beovan204@gmail.com', 'Test case Đơn hàng', '2023-10-14 07:45:42', '2023-10-14 07:45:42'),
(111, 10, 'TRUONG VAN GIAP', '0945914717', 'ghgh', 'beovan204@gmail.com', 'fdsfds', '2024-01-15 07:50:47', '2024-01-15 07:50:47'),
(112, 10, 'TRUONG VAN GIAP', '0945914717', 'ghgh', 'beovan204@gmail.com', '123213', '2024-01-24 07:56:40', '2024-01-24 07:56:40'),
(115, 10, 'TRUONG VAN GIAP', '0945914717', 'ghgh', 'beovan204@gmail.com', NULL, '2024-01-26 20:11:33', '2024-01-26 20:11:33'),
(116, 10, 'beovan', '232132432', 'd', 'admin@localhost.com', NULL, '2024-01-26 20:47:44', '2024-01-26 20:47:44'),
(117, 10, 'beovan', '232132432', 'Xã Bình An, Huyện Kiên Lương, Kiên Giang', 'beovan204@gmail.com', NULL, '2024-01-26 22:21:39', '2024-01-26 22:21:39'),
(118, 10, 'TRUONG VAN GIAP', '0945914717', 'ghgh', 'beovan204@gmail.com', 'gfd', '2024-02-19 04:53:56', '2024-02-19 04:53:56'),
(119, 10, 'TRUONG VAN GIAP', '0945914717', 'ghgh', 'beovan204@gmail.com', 'fds', '2024-02-19 05:07:51', '2024-02-19 05:07:51'),
(120, 10, 'TRUONG VAN GIAP', '0945914717', 'ghgh', 'beovan204@gmail.com', 'gfsgd', '2024-02-19 05:08:07', '2024-02-19 05:08:07'),
(121, 10, 'TRUONG VAN GIAP', '0945914717', 'ghgh', 'beovan204@gmail.com', 'gfdfg', '2024-02-19 22:58:11', '2024-02-19 22:58:11');

-- --------------------------------------------------------

--
-- Table structure for table `failed_jobs`
--

CREATE TABLE `failed_jobs` (
  `id` bigint UNSIGNED NOT NULL,
  `uuid` varchar(255) CHARACTER SET utf8mb4 COLLATE utf8mb4_unicode_ci NOT NULL,
  `connection` text CHARACTER SET utf8mb4 COLLATE utf8mb4_unicode_ci NOT NULL,
  `queue` text CHARACTER SET utf8mb4 COLLATE utf8mb4_unicode_ci NOT NULL,
  `payload` longtext CHARACTER SET utf8mb4 COLLATE utf8mb4_unicode_ci NOT NULL,
  `exception` longtext CHARACTER SET utf8mb4 COLLATE utf8mb4_unicode_ci NOT NULL,
  `failed_at` timestamp NOT NULL DEFAULT CURRENT_TIMESTAMP
) ENGINE=InnoDB DEFAULT CHARSET=utf8mb4 COLLATE=utf8mb4_unicode_ci;

--
-- Dumping data for table `failed_jobs`
--

INSERT INTO `failed_jobs` (`id`, `uuid`, `connection`, `queue`, `payload`, `exception`, `failed_at`) VALUES
(1, '6d94e50d-1e4a-405c-bba9-79c449a5f502', 'database', 'default', '{\"uuid\":\"6d94e50d-1e4a-405c-bba9-79c449a5f502\",\"displayName\":\"App\\\\Jobs\\\\SendMail\",\"job\":\"Illuminate\\\\Queue\\\\CallQueuedHandler@call\",\"maxTries\":null,\"maxExceptions\":null,\"failOnTimeout\":false,\"backoff\":null,\"timeout\":null,\"retryUntil\":null,\"data\":{\"commandName\":\"App\\\\Jobs\\\\SendMail\",\"command\":\"O:17:\\\"App\\\\Jobs\\\\SendMail\\\":5:{s:7:\\\"\\u0000*\\u0000name\\\";s:24:\\\"giaptvpk03114@fpt.edu.vn\\\";s:8:\\\"\\u0000*\\u0000phone\\\";s:7:\\\"giapfpt\\\";s:8:\\\"\\u0000*\\u0000email\\\";s:9:\\\"232132432\\\";s:10:\\\"\\u0000*\\u0000content\\\";s:5:\\\"fdsaf\\\";s:5:\\\"delay\\\";O:25:\\\"Illuminate\\\\Support\\\\Carbon\\\":3:{s:4:\\\"date\\\";s:26:\\\"2023-09-29 17:09:55.827219\\\";s:13:\\\"timezone_type\\\";i:3;s:8:\\\"timezone\\\";s:3:\\\"UTC\\\";}}\"}}', 'ArgumentCountError: Too few arguments to function App\\Mail\\OrderShipped::__construct(), 3 passed in D:\\laragon\\www\\famipetshop\\app\\Jobs\\SendMail.php on line 41 and exactly 4 expected in D:\\laragon\\www\\famipetshop\\app\\Mail\\OrderShipped.php:26\nStack trace:\n#0 D:\\laragon\\www\\famipetshop\\app\\Jobs\\SendMail.php(41): App\\Mail\\OrderShipped->__construct(\'giaptvpk03114@f...\', \'giapfpt\', \'fdsaf\')\n#1 D:\\laragon\\www\\famipetshop\\vendor\\laravel\\framework\\src\\Illuminate\\Container\\BoundMethod.php(36): App\\Jobs\\SendMail->handle()\n#2 D:\\laragon\\www\\famipetshop\\vendor\\laravel\\framework\\src\\Illuminate\\Container\\Util.php(41): Illuminate\\Container\\BoundMethod::Illuminate\\Container\\{closure}()\n#3 D:\\laragon\\www\\famipetshop\\vendor\\laravel\\framework\\src\\Illuminate\\Container\\BoundMethod.php(93): Illuminate\\Container\\Util::unwrapIfClosure(Object(Closure))\n#4 D:\\laragon\\www\\famipetshop\\vendor\\laravel\\framework\\src\\Illuminate\\Container\\BoundMethod.php(37): Illuminate\\Container\\BoundMethod::callBoundMethod(Object(Illuminate\\Foundation\\Application), Array, Object(Closure))\n#5 D:\\laragon\\www\\famipetshop\\vendor\\laravel\\framework\\src\\Illuminate\\Container\\Container.php(662): Illuminate\\Container\\BoundMethod::call(Object(Illuminate\\Foundation\\Application), Array, Array, NULL)\n#6 D:\\laragon\\www\\famipetshop\\vendor\\laravel\\framework\\src\\Illuminate\\Bus\\Dispatcher.php(128): Illuminate\\Container\\Container->call(Array)\n#7 D:\\laragon\\www\\famipetshop\\vendor\\laravel\\framework\\src\\Illuminate\\Pipeline\\Pipeline.php(141): Illuminate\\Bus\\Dispatcher->Illuminate\\Bus\\{closure}(Object(App\\Jobs\\SendMail))\n#8 D:\\laragon\\www\\famipetshop\\vendor\\laravel\\framework\\src\\Illuminate\\Pipeline\\Pipeline.php(116): Illuminate\\Pipeline\\Pipeline->Illuminate\\Pipeline\\{closure}(Object(App\\Jobs\\SendMail))\n#9 D:\\laragon\\www\\famipetshop\\vendor\\laravel\\framework\\src\\Illuminate\\Bus\\Dispatcher.php(132): Illuminate\\Pipeline\\Pipeline->then(Object(Closure))\n#10 D:\\laragon\\www\\famipetshop\\vendor\\laravel\\framework\\src\\Illuminate\\Queue\\CallQueuedHandler.php(124): Illuminate\\Bus\\Dispatcher->dispatchNow(Object(App\\Jobs\\SendMail), false)\n#11 D:\\laragon\\www\\famipetshop\\vendor\\laravel\\framework\\src\\Illuminate\\Pipeline\\Pipeline.php(141): Illuminate\\Queue\\CallQueuedHandler->Illuminate\\Queue\\{closure}(Object(App\\Jobs\\SendMail))\n#12 D:\\laragon\\www\\famipetshop\\vendor\\laravel\\framework\\src\\Illuminate\\Pipeline\\Pipeline.php(116): Illuminate\\Pipeline\\Pipeline->Illuminate\\Pipeline\\{closure}(Object(App\\Jobs\\SendMail))\n#13 D:\\laragon\\www\\famipetshop\\vendor\\laravel\\framework\\src\\Illuminate\\Queue\\CallQueuedHandler.php(126): Illuminate\\Pipeline\\Pipeline->then(Object(Closure))\n#14 D:\\laragon\\www\\famipetshop\\vendor\\laravel\\framework\\src\\Illuminate\\Queue\\CallQueuedHandler.php(70): Illuminate\\Queue\\CallQueuedHandler->dispatchThroughMiddleware(Object(Illuminate\\Queue\\Jobs\\DatabaseJob), Object(App\\Jobs\\SendMail))\n#15 D:\\laragon\\www\\famipetshop\\vendor\\laravel\\framework\\src\\Illuminate\\Queue\\Jobs\\Job.php(98): Illuminate\\Queue\\CallQueuedHandler->call(Object(Illuminate\\Queue\\Jobs\\DatabaseJob), Array)\n#16 D:\\laragon\\www\\famipetshop\\vendor\\laravel\\framework\\src\\Illuminate\\Queue\\Worker.php(439): Illuminate\\Queue\\Jobs\\Job->fire()\n#17 D:\\laragon\\www\\famipetshop\\vendor\\laravel\\framework\\src\\Illuminate\\Queue\\Worker.php(389): Illuminate\\Queue\\Worker->process(\'database\', Object(Illuminate\\Queue\\Jobs\\DatabaseJob), Object(Illuminate\\Queue\\WorkerOptions))\n#18 D:\\laragon\\www\\famipetshop\\vendor\\laravel\\framework\\src\\Illuminate\\Queue\\Worker.php(176): Illuminate\\Queue\\Worker->runJob(Object(Illuminate\\Queue\\Jobs\\DatabaseJob), \'database\', Object(Illuminate\\Queue\\WorkerOptions))\n#19 D:\\laragon\\www\\famipetshop\\vendor\\laravel\\framework\\src\\Illuminate\\Queue\\Console\\WorkCommand.php(138): Illuminate\\Queue\\Worker->daemon(\'database\', \'default\', Object(Illuminate\\Queue\\WorkerOptions))\n#20 D:\\laragon\\www\\famipetshop\\vendor\\laravel\\framework\\src\\Illuminate\\Queue\\Console\\WorkCommand.php(121): Illuminate\\Queue\\Console\\WorkCommand->runWorker(\'database\', \'default\')\n#21 D:\\laragon\\www\\famipetshop\\vendor\\laravel\\framework\\src\\Illuminate\\Container\\BoundMethod.php(36): Illuminate\\Queue\\Console\\WorkCommand->handle()\n#22 D:\\laragon\\www\\famipetshop\\vendor\\laravel\\framework\\src\\Illuminate\\Container\\Util.php(41): Illuminate\\Container\\BoundMethod::Illuminate\\Container\\{closure}()\n#23 D:\\laragon\\www\\famipetshop\\vendor\\laravel\\framework\\src\\Illuminate\\Container\\BoundMethod.php(93): Illuminate\\Container\\Util::unwrapIfClosure(Object(Closure))\n#24 D:\\laragon\\www\\famipetshop\\vendor\\laravel\\framework\\src\\Illuminate\\Container\\BoundMethod.php(37): Illuminate\\Container\\BoundMethod::callBoundMethod(Object(Illuminate\\Foundation\\Application), Array, Object(Closure))\n#25 D:\\laragon\\www\\famipetshop\\vendor\\laravel\\framework\\src\\Illuminate\\Container\\Container.php(662): Illuminate\\Container\\BoundMethod::call(Object(Illuminate\\Foundation\\Application), Array, Array, NULL)\n#26 D:\\laragon\\www\\famipetshop\\vendor\\laravel\\framework\\src\\Illuminate\\Console\\Command.php(211): Illuminate\\Container\\Container->call(Array)\n#27 D:\\laragon\\www\\famipetshop\\vendor\\symfony\\console\\Command\\Command.php(326): Illuminate\\Console\\Command->execute(Object(Symfony\\Component\\Console\\Input\\ArgvInput), Object(Illuminate\\Console\\OutputStyle))\n#28 D:\\laragon\\www\\famipetshop\\vendor\\laravel\\framework\\src\\Illuminate\\Console\\Command.php(181): Symfony\\Component\\Console\\Command\\Command->run(Object(Symfony\\Component\\Console\\Input\\ArgvInput), Object(Illuminate\\Console\\OutputStyle))\n#29 D:\\laragon\\www\\famipetshop\\vendor\\symfony\\console\\Application.php(1081): Illuminate\\Console\\Command->run(Object(Symfony\\Component\\Console\\Input\\ArgvInput), Object(Symfony\\Component\\Console\\Output\\ConsoleOutput))\n#30 D:\\laragon\\www\\famipetshop\\vendor\\symfony\\console\\Application.php(320): Symfony\\Component\\Console\\Application->doRunCommand(Object(Illuminate\\Queue\\Console\\WorkCommand), Object(Symfony\\Component\\Console\\Input\\ArgvInput), Object(Symfony\\Component\\Console\\Output\\ConsoleOutput))\n#31 D:\\laragon\\www\\famipetshop\\vendor\\symfony\\console\\Application.php(174): Symfony\\Component\\Console\\Application->doRun(Object(Symfony\\Component\\Console\\Input\\ArgvInput), Object(Symfony\\Component\\Console\\Output\\ConsoleOutput))\n#32 D:\\laragon\\www\\famipetshop\\vendor\\laravel\\framework\\src\\Illuminate\\Foundation\\Console\\Kernel.php(201): Symfony\\Component\\Console\\Application->run(Object(Symfony\\Component\\Console\\Input\\ArgvInput), Object(Symfony\\Component\\Console\\Output\\ConsoleOutput))\n#33 D:\\laragon\\www\\famipetshop\\artisan(37): Illuminate\\Foundation\\Console\\Kernel->handle(Object(Symfony\\Component\\Console\\Input\\ArgvInput), Object(Symfony\\Component\\Console\\Output\\ConsoleOutput))\n#34 {main}', '2023-09-29 10:09:55'),
(2, '2f56f7c9-c0a1-4d90-bdc0-169926162f3c', 'database', 'default', '{\"uuid\":\"2f56f7c9-c0a1-4d90-bdc0-169926162f3c\",\"displayName\":\"App\\\\Jobs\\\\SendMail\",\"job\":\"Illuminate\\\\Queue\\\\CallQueuedHandler@call\",\"maxTries\":null,\"maxExceptions\":null,\"failOnTimeout\":false,\"backoff\":null,\"timeout\":null,\"retryUntil\":null,\"data\":{\"commandName\":\"App\\\\Jobs\\\\SendMail\",\"command\":\"O:17:\\\"App\\\\Jobs\\\\SendMail\\\":5:{s:7:\\\"\\u0000*\\u0000name\\\";s:24:\\\"giaptvpk03114@fpt.edu.vn\\\";s:8:\\\"\\u0000*\\u0000phone\\\";s:7:\\\"giapfpt\\\";s:8:\\\"\\u0000*\\u0000email\\\";s:9:\\\"232132432\\\";s:10:\\\"\\u0000*\\u0000content\\\";s:6:\\\"safsda\\\";s:5:\\\"delay\\\";O:25:\\\"Illuminate\\\\Support\\\\Carbon\\\":3:{s:4:\\\"date\\\";s:26:\\\"2023-09-29 17:12:45.413310\\\";s:13:\\\"timezone_type\\\";i:3;s:8:\\\"timezone\\\";s:3:\\\"UTC\\\";}}\"}}', 'ArgumentCountError: Too few arguments to function App\\Mail\\OrderShipped::__construct(), 3 passed in D:\\laragon\\www\\famipetshop\\app\\Jobs\\SendMail.php on line 41 and exactly 4 expected in D:\\laragon\\www\\famipetshop\\app\\Mail\\OrderShipped.php:26\nStack trace:\n#0 D:\\laragon\\www\\famipetshop\\app\\Jobs\\SendMail.php(41): App\\Mail\\OrderShipped->__construct(\'giaptvpk03114@f...\', \'giapfpt\', \'safsda\')\n#1 D:\\laragon\\www\\famipetshop\\vendor\\laravel\\framework\\src\\Illuminate\\Container\\BoundMethod.php(36): App\\Jobs\\SendMail->handle()\n#2 D:\\laragon\\www\\famipetshop\\vendor\\laravel\\framework\\src\\Illuminate\\Container\\Util.php(41): Illuminate\\Container\\BoundMethod::Illuminate\\Container\\{closure}()\n#3 D:\\laragon\\www\\famipetshop\\vendor\\laravel\\framework\\src\\Illuminate\\Container\\BoundMethod.php(93): Illuminate\\Container\\Util::unwrapIfClosure(Object(Closure))\n#4 D:\\laragon\\www\\famipetshop\\vendor\\laravel\\framework\\src\\Illuminate\\Container\\BoundMethod.php(37): Illuminate\\Container\\BoundMethod::callBoundMethod(Object(Illuminate\\Foundation\\Application), Array, Object(Closure))\n#5 D:\\laragon\\www\\famipetshop\\vendor\\laravel\\framework\\src\\Illuminate\\Container\\Container.php(662): Illuminate\\Container\\BoundMethod::call(Object(Illuminate\\Foundation\\Application), Array, Array, NULL)\n#6 D:\\laragon\\www\\famipetshop\\vendor\\laravel\\framework\\src\\Illuminate\\Bus\\Dispatcher.php(128): Illuminate\\Container\\Container->call(Array)\n#7 D:\\laragon\\www\\famipetshop\\vendor\\laravel\\framework\\src\\Illuminate\\Pipeline\\Pipeline.php(141): Illuminate\\Bus\\Dispatcher->Illuminate\\Bus\\{closure}(Object(App\\Jobs\\SendMail))\n#8 D:\\laragon\\www\\famipetshop\\vendor\\laravel\\framework\\src\\Illuminate\\Pipeline\\Pipeline.php(116): Illuminate\\Pipeline\\Pipeline->Illuminate\\Pipeline\\{closure}(Object(App\\Jobs\\SendMail))\n#9 D:\\laragon\\www\\famipetshop\\vendor\\laravel\\framework\\src\\Illuminate\\Bus\\Dispatcher.php(132): Illuminate\\Pipeline\\Pipeline->then(Object(Closure))\n#10 D:\\laragon\\www\\famipetshop\\vendor\\laravel\\framework\\src\\Illuminate\\Queue\\CallQueuedHandler.php(124): Illuminate\\Bus\\Dispatcher->dispatchNow(Object(App\\Jobs\\SendMail), false)\n#11 D:\\laragon\\www\\famipetshop\\vendor\\laravel\\framework\\src\\Illuminate\\Pipeline\\Pipeline.php(141): Illuminate\\Queue\\CallQueuedHandler->Illuminate\\Queue\\{closure}(Object(App\\Jobs\\SendMail))\n#12 D:\\laragon\\www\\famipetshop\\vendor\\laravel\\framework\\src\\Illuminate\\Pipeline\\Pipeline.php(116): Illuminate\\Pipeline\\Pipeline->Illuminate\\Pipeline\\{closure}(Object(App\\Jobs\\SendMail))\n#13 D:\\laragon\\www\\famipetshop\\vendor\\laravel\\framework\\src\\Illuminate\\Queue\\CallQueuedHandler.php(126): Illuminate\\Pipeline\\Pipeline->then(Object(Closure))\n#14 D:\\laragon\\www\\famipetshop\\vendor\\laravel\\framework\\src\\Illuminate\\Queue\\CallQueuedHandler.php(70): Illuminate\\Queue\\CallQueuedHandler->dispatchThroughMiddleware(Object(Illuminate\\Queue\\Jobs\\DatabaseJob), Object(App\\Jobs\\SendMail))\n#15 D:\\laragon\\www\\famipetshop\\vendor\\laravel\\framework\\src\\Illuminate\\Queue\\Jobs\\Job.php(98): Illuminate\\Queue\\CallQueuedHandler->call(Object(Illuminate\\Queue\\Jobs\\DatabaseJob), Array)\n#16 D:\\laragon\\www\\famipetshop\\vendor\\laravel\\framework\\src\\Illuminate\\Queue\\Worker.php(439): Illuminate\\Queue\\Jobs\\Job->fire()\n#17 D:\\laragon\\www\\famipetshop\\vendor\\laravel\\framework\\src\\Illuminate\\Queue\\Worker.php(389): Illuminate\\Queue\\Worker->process(\'database\', Object(Illuminate\\Queue\\Jobs\\DatabaseJob), Object(Illuminate\\Queue\\WorkerOptions))\n#18 D:\\laragon\\www\\famipetshop\\vendor\\laravel\\framework\\src\\Illuminate\\Queue\\Worker.php(176): Illuminate\\Queue\\Worker->runJob(Object(Illuminate\\Queue\\Jobs\\DatabaseJob), \'database\', Object(Illuminate\\Queue\\WorkerOptions))\n#19 D:\\laragon\\www\\famipetshop\\vendor\\laravel\\framework\\src\\Illuminate\\Queue\\Console\\WorkCommand.php(138): Illuminate\\Queue\\Worker->daemon(\'database\', \'default\', Object(Illuminate\\Queue\\WorkerOptions))\n#20 D:\\laragon\\www\\famipetshop\\vendor\\laravel\\framework\\src\\Illuminate\\Queue\\Console\\WorkCommand.php(121): Illuminate\\Queue\\Console\\WorkCommand->runWorker(\'database\', \'default\')\n#21 D:\\laragon\\www\\famipetshop\\vendor\\laravel\\framework\\src\\Illuminate\\Container\\BoundMethod.php(36): Illuminate\\Queue\\Console\\WorkCommand->handle()\n#22 D:\\laragon\\www\\famipetshop\\vendor\\laravel\\framework\\src\\Illuminate\\Container\\Util.php(41): Illuminate\\Container\\BoundMethod::Illuminate\\Container\\{closure}()\n#23 D:\\laragon\\www\\famipetshop\\vendor\\laravel\\framework\\src\\Illuminate\\Container\\BoundMethod.php(93): Illuminate\\Container\\Util::unwrapIfClosure(Object(Closure))\n#24 D:\\laragon\\www\\famipetshop\\vendor\\laravel\\framework\\src\\Illuminate\\Container\\BoundMethod.php(37): Illuminate\\Container\\BoundMethod::callBoundMethod(Object(Illuminate\\Foundation\\Application), Array, Object(Closure))\n#25 D:\\laragon\\www\\famipetshop\\vendor\\laravel\\framework\\src\\Illuminate\\Container\\Container.php(662): Illuminate\\Container\\BoundMethod::call(Object(Illuminate\\Foundation\\Application), Array, Array, NULL)\n#26 D:\\laragon\\www\\famipetshop\\vendor\\laravel\\framework\\src\\Illuminate\\Console\\Command.php(211): Illuminate\\Container\\Container->call(Array)\n#27 D:\\laragon\\www\\famipetshop\\vendor\\symfony\\console\\Command\\Command.php(326): Illuminate\\Console\\Command->execute(Object(Symfony\\Component\\Console\\Input\\ArgvInput), Object(Illuminate\\Console\\OutputStyle))\n#28 D:\\laragon\\www\\famipetshop\\vendor\\laravel\\framework\\src\\Illuminate\\Console\\Command.php(181): Symfony\\Component\\Console\\Command\\Command->run(Object(Symfony\\Component\\Console\\Input\\ArgvInput), Object(Illuminate\\Console\\OutputStyle))\n#29 D:\\laragon\\www\\famipetshop\\vendor\\symfony\\console\\Application.php(1081): Illuminate\\Console\\Command->run(Object(Symfony\\Component\\Console\\Input\\ArgvInput), Object(Symfony\\Component\\Console\\Output\\ConsoleOutput))\n#30 D:\\laragon\\www\\famipetshop\\vendor\\symfony\\console\\Application.php(320): Symfony\\Component\\Console\\Application->doRunCommand(Object(Illuminate\\Queue\\Console\\WorkCommand), Object(Symfony\\Component\\Console\\Input\\ArgvInput), Object(Symfony\\Component\\Console\\Output\\ConsoleOutput))\n#31 D:\\laragon\\www\\famipetshop\\vendor\\symfony\\console\\Application.php(174): Symfony\\Component\\Console\\Application->doRun(Object(Symfony\\Component\\Console\\Input\\ArgvInput), Object(Symfony\\Component\\Console\\Output\\ConsoleOutput))\n#32 D:\\laragon\\www\\famipetshop\\vendor\\laravel\\framework\\src\\Illuminate\\Foundation\\Console\\Kernel.php(201): Symfony\\Component\\Console\\Application->run(Object(Symfony\\Component\\Console\\Input\\ArgvInput), Object(Symfony\\Component\\Console\\Output\\ConsoleOutput))\n#33 D:\\laragon\\www\\famipetshop\\artisan(37): Illuminate\\Foundation\\Console\\Kernel->handle(Object(Symfony\\Component\\Console\\Input\\ArgvInput), Object(Symfony\\Component\\Console\\Output\\ConsoleOutput))\n#34 {main}', '2023-09-29 10:12:47'),
(3, '459441e9-3d6f-4766-9ca2-f42901c064ab', 'database', 'default', '{\"uuid\":\"459441e9-3d6f-4766-9ca2-f42901c064ab\",\"displayName\":\"App\\\\Jobs\\\\SendMail\",\"job\":\"Illuminate\\\\Queue\\\\CallQueuedHandler@call\",\"maxTries\":null,\"maxExceptions\":null,\"failOnTimeout\":false,\"backoff\":null,\"timeout\":null,\"retryUntil\":null,\"data\":{\"commandName\":\"App\\\\Jobs\\\\SendMail\",\"command\":\"O:17:\\\"App\\\\Jobs\\\\SendMail\\\":5:{s:7:\\\"\\u0000*\\u0000name\\\";s:24:\\\"giaptvpk03114@fpt.edu.vn\\\";s:8:\\\"\\u0000*\\u0000phone\\\";s:8:\\\"giapfptf\\\";s:8:\\\"\\u0000*\\u0000email\\\";s:9:\\\"232132432\\\";s:10:\\\"\\u0000*\\u0000content\\\";s:8:\\\"fsdfafsd\\\";s:5:\\\"delay\\\";O:25:\\\"Illuminate\\\\Support\\\\Carbon\\\":3:{s:4:\\\"date\\\";s:26:\\\"2023-09-29 17:13:59.902082\\\";s:13:\\\"timezone_type\\\";i:3;s:8:\\\"timezone\\\";s:3:\\\"UTC\\\";}}\"}}', 'ArgumentCountError: Too few arguments to function App\\Mail\\OrderShipped::__construct(), 3 passed in D:\\laragon\\www\\famipetshop\\app\\Jobs\\SendMail.php on line 41 and exactly 4 expected in D:\\laragon\\www\\famipetshop\\app\\Mail\\OrderShipped.php:26\nStack trace:\n#0 D:\\laragon\\www\\famipetshop\\app\\Jobs\\SendMail.php(41): App\\Mail\\OrderShipped->__construct(\'giaptvpk03114@f...\', \'giapfptf\', \'fsdfafsd\')\n#1 D:\\laragon\\www\\famipetshop\\vendor\\laravel\\framework\\src\\Illuminate\\Container\\BoundMethod.php(36): App\\Jobs\\SendMail->handle()\n#2 D:\\laragon\\www\\famipetshop\\vendor\\laravel\\framework\\src\\Illuminate\\Container\\Util.php(41): Illuminate\\Container\\BoundMethod::Illuminate\\Container\\{closure}()\n#3 D:\\laragon\\www\\famipetshop\\vendor\\laravel\\framework\\src\\Illuminate\\Container\\BoundMethod.php(93): Illuminate\\Container\\Util::unwrapIfClosure(Object(Closure))\n#4 D:\\laragon\\www\\famipetshop\\vendor\\laravel\\framework\\src\\Illuminate\\Container\\BoundMethod.php(37): Illuminate\\Container\\BoundMethod::callBoundMethod(Object(Illuminate\\Foundation\\Application), Array, Object(Closure))\n#5 D:\\laragon\\www\\famipetshop\\vendor\\laravel\\framework\\src\\Illuminate\\Container\\Container.php(662): Illuminate\\Container\\BoundMethod::call(Object(Illuminate\\Foundation\\Application), Array, Array, NULL)\n#6 D:\\laragon\\www\\famipetshop\\vendor\\laravel\\framework\\src\\Illuminate\\Bus\\Dispatcher.php(128): Illuminate\\Container\\Container->call(Array)\n#7 D:\\laragon\\www\\famipetshop\\vendor\\laravel\\framework\\src\\Illuminate\\Pipeline\\Pipeline.php(141): Illuminate\\Bus\\Dispatcher->Illuminate\\Bus\\{closure}(Object(App\\Jobs\\SendMail))\n#8 D:\\laragon\\www\\famipetshop\\vendor\\laravel\\framework\\src\\Illuminate\\Pipeline\\Pipeline.php(116): Illuminate\\Pipeline\\Pipeline->Illuminate\\Pipeline\\{closure}(Object(App\\Jobs\\SendMail))\n#9 D:\\laragon\\www\\famipetshop\\vendor\\laravel\\framework\\src\\Illuminate\\Bus\\Dispatcher.php(132): Illuminate\\Pipeline\\Pipeline->then(Object(Closure))\n#10 D:\\laragon\\www\\famipetshop\\vendor\\laravel\\framework\\src\\Illuminate\\Queue\\CallQueuedHandler.php(124): Illuminate\\Bus\\Dispatcher->dispatchNow(Object(App\\Jobs\\SendMail), false)\n#11 D:\\laragon\\www\\famipetshop\\vendor\\laravel\\framework\\src\\Illuminate\\Pipeline\\Pipeline.php(141): Illuminate\\Queue\\CallQueuedHandler->Illuminate\\Queue\\{closure}(Object(App\\Jobs\\SendMail))\n#12 D:\\laragon\\www\\famipetshop\\vendor\\laravel\\framework\\src\\Illuminate\\Pipeline\\Pipeline.php(116): Illuminate\\Pipeline\\Pipeline->Illuminate\\Pipeline\\{closure}(Object(App\\Jobs\\SendMail))\n#13 D:\\laragon\\www\\famipetshop\\vendor\\laravel\\framework\\src\\Illuminate\\Queue\\CallQueuedHandler.php(126): Illuminate\\Pipeline\\Pipeline->then(Object(Closure))\n#14 D:\\laragon\\www\\famipetshop\\vendor\\laravel\\framework\\src\\Illuminate\\Queue\\CallQueuedHandler.php(70): Illuminate\\Queue\\CallQueuedHandler->dispatchThroughMiddleware(Object(Illuminate\\Queue\\Jobs\\DatabaseJob), Object(App\\Jobs\\SendMail))\n#15 D:\\laragon\\www\\famipetshop\\vendor\\laravel\\framework\\src\\Illuminate\\Queue\\Jobs\\Job.php(98): Illuminate\\Queue\\CallQueuedHandler->call(Object(Illuminate\\Queue\\Jobs\\DatabaseJob), Array)\n#16 D:\\laragon\\www\\famipetshop\\vendor\\laravel\\framework\\src\\Illuminate\\Queue\\Worker.php(439): Illuminate\\Queue\\Jobs\\Job->fire()\n#17 D:\\laragon\\www\\famipetshop\\vendor\\laravel\\framework\\src\\Illuminate\\Queue\\Worker.php(389): Illuminate\\Queue\\Worker->process(\'database\', Object(Illuminate\\Queue\\Jobs\\DatabaseJob), Object(Illuminate\\Queue\\WorkerOptions))\n#18 D:\\laragon\\www\\famipetshop\\vendor\\laravel\\framework\\src\\Illuminate\\Queue\\Worker.php(176): Illuminate\\Queue\\Worker->runJob(Object(Illuminate\\Queue\\Jobs\\DatabaseJob), \'database\', Object(Illuminate\\Queue\\WorkerOptions))\n#19 D:\\laragon\\www\\famipetshop\\vendor\\laravel\\framework\\src\\Illuminate\\Queue\\Console\\WorkCommand.php(138): Illuminate\\Queue\\Worker->daemon(\'database\', \'default\', Object(Illuminate\\Queue\\WorkerOptions))\n#20 D:\\laragon\\www\\famipetshop\\vendor\\laravel\\framework\\src\\Illuminate\\Queue\\Console\\WorkCommand.php(121): Illuminate\\Queue\\Console\\WorkCommand->runWorker(\'database\', \'default\')\n#21 D:\\laragon\\www\\famipetshop\\vendor\\laravel\\framework\\src\\Illuminate\\Container\\BoundMethod.php(36): Illuminate\\Queue\\Console\\WorkCommand->handle()\n#22 D:\\laragon\\www\\famipetshop\\vendor\\laravel\\framework\\src\\Illuminate\\Container\\Util.php(41): Illuminate\\Container\\BoundMethod::Illuminate\\Container\\{closure}()\n#23 D:\\laragon\\www\\famipetshop\\vendor\\laravel\\framework\\src\\Illuminate\\Container\\BoundMethod.php(93): Illuminate\\Container\\Util::unwrapIfClosure(Object(Closure))\n#24 D:\\laragon\\www\\famipetshop\\vendor\\laravel\\framework\\src\\Illuminate\\Container\\BoundMethod.php(37): Illuminate\\Container\\BoundMethod::callBoundMethod(Object(Illuminate\\Foundation\\Application), Array, Object(Closure))\n#25 D:\\laragon\\www\\famipetshop\\vendor\\laravel\\framework\\src\\Illuminate\\Container\\Container.php(662): Illuminate\\Container\\BoundMethod::call(Object(Illuminate\\Foundation\\Application), Array, Array, NULL)\n#26 D:\\laragon\\www\\famipetshop\\vendor\\laravel\\framework\\src\\Illuminate\\Console\\Command.php(211): Illuminate\\Container\\Container->call(Array)\n#27 D:\\laragon\\www\\famipetshop\\vendor\\symfony\\console\\Command\\Command.php(326): Illuminate\\Console\\Command->execute(Object(Symfony\\Component\\Console\\Input\\ArgvInput), Object(Illuminate\\Console\\OutputStyle))\n#28 D:\\laragon\\www\\famipetshop\\vendor\\laravel\\framework\\src\\Illuminate\\Console\\Command.php(181): Symfony\\Component\\Console\\Command\\Command->run(Object(Symfony\\Component\\Console\\Input\\ArgvInput), Object(Illuminate\\Console\\OutputStyle))\n#29 D:\\laragon\\www\\famipetshop\\vendor\\symfony\\console\\Application.php(1081): Illuminate\\Console\\Command->run(Object(Symfony\\Component\\Console\\Input\\ArgvInput), Object(Symfony\\Component\\Console\\Output\\ConsoleOutput))\n#30 D:\\laragon\\www\\famipetshop\\vendor\\symfony\\console\\Application.php(320): Symfony\\Component\\Console\\Application->doRunCommand(Object(Illuminate\\Queue\\Console\\WorkCommand), Object(Symfony\\Component\\Console\\Input\\ArgvInput), Object(Symfony\\Component\\Console\\Output\\ConsoleOutput))\n#31 D:\\laragon\\www\\famipetshop\\vendor\\symfony\\console\\Application.php(174): Symfony\\Component\\Console\\Application->doRun(Object(Symfony\\Component\\Console\\Input\\ArgvInput), Object(Symfony\\Component\\Console\\Output\\ConsoleOutput))\n#32 D:\\laragon\\www\\famipetshop\\vendor\\laravel\\framework\\src\\Illuminate\\Foundation\\Console\\Kernel.php(201): Symfony\\Component\\Console\\Application->run(Object(Symfony\\Component\\Console\\Input\\ArgvInput), Object(Symfony\\Component\\Console\\Output\\ConsoleOutput))\n#33 D:\\laragon\\www\\famipetshop\\artisan(37): Illuminate\\Foundation\\Console\\Kernel->handle(Object(Symfony\\Component\\Console\\Input\\ArgvInput), Object(Symfony\\Component\\Console\\Output\\ConsoleOutput))\n#34 {main}', '2023-09-29 10:13:59'),
(4, '47249ca4-fdb5-40d2-bb2d-e1d901a8c67d', 'database', 'default', '{\"uuid\":\"47249ca4-fdb5-40d2-bb2d-e1d901a8c67d\",\"displayName\":\"App\\\\Jobs\\\\SendMail\",\"job\":\"Illuminate\\\\Queue\\\\CallQueuedHandler@call\",\"maxTries\":null,\"maxExceptions\":null,\"failOnTimeout\":false,\"backoff\":null,\"timeout\":null,\"retryUntil\":null,\"data\":{\"commandName\":\"App\\\\Jobs\\\\SendMail\",\"command\":\"O:17:\\\"App\\\\Jobs\\\\SendMail\\\":5:{s:7:\\\"\\u0000*\\u0000name\\\";s:24:\\\"giaptvpk03114@fpt.edu.vn\\\";s:8:\\\"\\u0000*\\u0000phone\\\";s:7:\\\"giapfpt\\\";s:8:\\\"\\u0000*\\u0000email\\\";s:9:\\\"232132432\\\";s:10:\\\"\\u0000*\\u0000content\\\";s:3:\\\"fds\\\";s:5:\\\"delay\\\";O:25:\\\"Illuminate\\\\Support\\\\Carbon\\\":3:{s:4:\\\"date\\\";s:26:\\\"2023-09-29 17:15:36.025357\\\";s:13:\\\"timezone_type\\\";i:3;s:8:\\\"timezone\\\";s:3:\\\"UTC\\\";}}\"}}', 'ArgumentCountError: Too few arguments to function App\\Mail\\OrderShipped::__construct(), 3 passed in D:\\laragon\\www\\famipetshop\\app\\Jobs\\SendMail.php on line 41 and exactly 4 expected in D:\\laragon\\www\\famipetshop\\app\\Mail\\OrderShipped.php:26\nStack trace:\n#0 D:\\laragon\\www\\famipetshop\\app\\Jobs\\SendMail.php(41): App\\Mail\\OrderShipped->__construct(\'giaptvpk03114@f...\', \'giapfpt\', \'fds\')\n#1 D:\\laragon\\www\\famipetshop\\vendor\\laravel\\framework\\src\\Illuminate\\Container\\BoundMethod.php(36): App\\Jobs\\SendMail->handle()\n#2 D:\\laragon\\www\\famipetshop\\vendor\\laravel\\framework\\src\\Illuminate\\Container\\Util.php(41): Illuminate\\Container\\BoundMethod::Illuminate\\Container\\{closure}()\n#3 D:\\laragon\\www\\famipetshop\\vendor\\laravel\\framework\\src\\Illuminate\\Container\\BoundMethod.php(93): Illuminate\\Container\\Util::unwrapIfClosure(Object(Closure))\n#4 D:\\laragon\\www\\famipetshop\\vendor\\laravel\\framework\\src\\Illuminate\\Container\\BoundMethod.php(37): Illuminate\\Container\\BoundMethod::callBoundMethod(Object(Illuminate\\Foundation\\Application), Array, Object(Closure))\n#5 D:\\laragon\\www\\famipetshop\\vendor\\laravel\\framework\\src\\Illuminate\\Container\\Container.php(662): Illuminate\\Container\\BoundMethod::call(Object(Illuminate\\Foundation\\Application), Array, Array, NULL)\n#6 D:\\laragon\\www\\famipetshop\\vendor\\laravel\\framework\\src\\Illuminate\\Bus\\Dispatcher.php(128): Illuminate\\Container\\Container->call(Array)\n#7 D:\\laragon\\www\\famipetshop\\vendor\\laravel\\framework\\src\\Illuminate\\Pipeline\\Pipeline.php(141): Illuminate\\Bus\\Dispatcher->Illuminate\\Bus\\{closure}(Object(App\\Jobs\\SendMail))\n#8 D:\\laragon\\www\\famipetshop\\vendor\\laravel\\framework\\src\\Illuminate\\Pipeline\\Pipeline.php(116): Illuminate\\Pipeline\\Pipeline->Illuminate\\Pipeline\\{closure}(Object(App\\Jobs\\SendMail))\n#9 D:\\laragon\\www\\famipetshop\\vendor\\laravel\\framework\\src\\Illuminate\\Bus\\Dispatcher.php(132): Illuminate\\Pipeline\\Pipeline->then(Object(Closure))\n#10 D:\\laragon\\www\\famipetshop\\vendor\\laravel\\framework\\src\\Illuminate\\Queue\\CallQueuedHandler.php(124): Illuminate\\Bus\\Dispatcher->dispatchNow(Object(App\\Jobs\\SendMail), false)\n#11 D:\\laragon\\www\\famipetshop\\vendor\\laravel\\framework\\src\\Illuminate\\Pipeline\\Pipeline.php(141): Illuminate\\Queue\\CallQueuedHandler->Illuminate\\Queue\\{closure}(Object(App\\Jobs\\SendMail))\n#12 D:\\laragon\\www\\famipetshop\\vendor\\laravel\\framework\\src\\Illuminate\\Pipeline\\Pipeline.php(116): Illuminate\\Pipeline\\Pipeline->Illuminate\\Pipeline\\{closure}(Object(App\\Jobs\\SendMail))\n#13 D:\\laragon\\www\\famipetshop\\vendor\\laravel\\framework\\src\\Illuminate\\Queue\\CallQueuedHandler.php(126): Illuminate\\Pipeline\\Pipeline->then(Object(Closure))\n#14 D:\\laragon\\www\\famipetshop\\vendor\\laravel\\framework\\src\\Illuminate\\Queue\\CallQueuedHandler.php(70): Illuminate\\Queue\\CallQueuedHandler->dispatchThroughMiddleware(Object(Illuminate\\Queue\\Jobs\\DatabaseJob), Object(App\\Jobs\\SendMail))\n#15 D:\\laragon\\www\\famipetshop\\vendor\\laravel\\framework\\src\\Illuminate\\Queue\\Jobs\\Job.php(98): Illuminate\\Queue\\CallQueuedHandler->call(Object(Illuminate\\Queue\\Jobs\\DatabaseJob), Array)\n#16 D:\\laragon\\www\\famipetshop\\vendor\\laravel\\framework\\src\\Illuminate\\Queue\\Worker.php(439): Illuminate\\Queue\\Jobs\\Job->fire()\n#17 D:\\laragon\\www\\famipetshop\\vendor\\laravel\\framework\\src\\Illuminate\\Queue\\Worker.php(389): Illuminate\\Queue\\Worker->process(\'database\', Object(Illuminate\\Queue\\Jobs\\DatabaseJob), Object(Illuminate\\Queue\\WorkerOptions))\n#18 D:\\laragon\\www\\famipetshop\\vendor\\laravel\\framework\\src\\Illuminate\\Queue\\Worker.php(176): Illuminate\\Queue\\Worker->runJob(Object(Illuminate\\Queue\\Jobs\\DatabaseJob), \'database\', Object(Illuminate\\Queue\\WorkerOptions))\n#19 D:\\laragon\\www\\famipetshop\\vendor\\laravel\\framework\\src\\Illuminate\\Queue\\Console\\WorkCommand.php(138): Illuminate\\Queue\\Worker->daemon(\'database\', \'default\', Object(Illuminate\\Queue\\WorkerOptions))\n#20 D:\\laragon\\www\\famipetshop\\vendor\\laravel\\framework\\src\\Illuminate\\Queue\\Console\\WorkCommand.php(121): Illuminate\\Queue\\Console\\WorkCommand->runWorker(\'database\', \'default\')\n#21 D:\\laragon\\www\\famipetshop\\vendor\\laravel\\framework\\src\\Illuminate\\Container\\BoundMethod.php(36): Illuminate\\Queue\\Console\\WorkCommand->handle()\n#22 D:\\laragon\\www\\famipetshop\\vendor\\laravel\\framework\\src\\Illuminate\\Container\\Util.php(41): Illuminate\\Container\\BoundMethod::Illuminate\\Container\\{closure}()\n#23 D:\\laragon\\www\\famipetshop\\vendor\\laravel\\framework\\src\\Illuminate\\Container\\BoundMethod.php(93): Illuminate\\Container\\Util::unwrapIfClosure(Object(Closure))\n#24 D:\\laragon\\www\\famipetshop\\vendor\\laravel\\framework\\src\\Illuminate\\Container\\BoundMethod.php(37): Illuminate\\Container\\BoundMethod::callBoundMethod(Object(Illuminate\\Foundation\\Application), Array, Object(Closure))\n#25 D:\\laragon\\www\\famipetshop\\vendor\\laravel\\framework\\src\\Illuminate\\Container\\Container.php(662): Illuminate\\Container\\BoundMethod::call(Object(Illuminate\\Foundation\\Application), Array, Array, NULL)\n#26 D:\\laragon\\www\\famipetshop\\vendor\\laravel\\framework\\src\\Illuminate\\Console\\Command.php(211): Illuminate\\Container\\Container->call(Array)\n#27 D:\\laragon\\www\\famipetshop\\vendor\\symfony\\console\\Command\\Command.php(326): Illuminate\\Console\\Command->execute(Object(Symfony\\Component\\Console\\Input\\ArgvInput), Object(Illuminate\\Console\\OutputStyle))\n#28 D:\\laragon\\www\\famipetshop\\vendor\\laravel\\framework\\src\\Illuminate\\Console\\Command.php(181): Symfony\\Component\\Console\\Command\\Command->run(Object(Symfony\\Component\\Console\\Input\\ArgvInput), Object(Illuminate\\Console\\OutputStyle))\n#29 D:\\laragon\\www\\famipetshop\\vendor\\symfony\\console\\Application.php(1081): Illuminate\\Console\\Command->run(Object(Symfony\\Component\\Console\\Input\\ArgvInput), Object(Symfony\\Component\\Console\\Output\\ConsoleOutput))\n#30 D:\\laragon\\www\\famipetshop\\vendor\\symfony\\console\\Application.php(320): Symfony\\Component\\Console\\Application->doRunCommand(Object(Illuminate\\Queue\\Console\\WorkCommand), Object(Symfony\\Component\\Console\\Input\\ArgvInput), Object(Symfony\\Component\\Console\\Output\\ConsoleOutput))\n#31 D:\\laragon\\www\\famipetshop\\vendor\\symfony\\console\\Application.php(174): Symfony\\Component\\Console\\Application->doRun(Object(Symfony\\Component\\Console\\Input\\ArgvInput), Object(Symfony\\Component\\Console\\Output\\ConsoleOutput))\n#32 D:\\laragon\\www\\famipetshop\\vendor\\laravel\\framework\\src\\Illuminate\\Foundation\\Console\\Kernel.php(201): Symfony\\Component\\Console\\Application->run(Object(Symfony\\Component\\Console\\Input\\ArgvInput), Object(Symfony\\Component\\Console\\Output\\ConsoleOutput))\n#33 D:\\laragon\\www\\famipetshop\\artisan(37): Illuminate\\Foundation\\Console\\Kernel->handle(Object(Symfony\\Component\\Console\\Input\\ArgvInput), Object(Symfony\\Component\\Console\\Output\\ConsoleOutput))\n#34 {main}', '2023-09-29 10:15:38'),
(5, '79b5f4c8-4236-4661-adfa-f4f7622204cd', 'database', 'default', '{\"uuid\":\"79b5f4c8-4236-4661-adfa-f4f7622204cd\",\"displayName\":\"App\\\\Jobs\\\\SendMail\",\"job\":\"Illuminate\\\\Queue\\\\CallQueuedHandler@call\",\"maxTries\":null,\"maxExceptions\":null,\"failOnTimeout\":false,\"backoff\":null,\"timeout\":null,\"retryUntil\":null,\"data\":{\"commandName\":\"App\\\\Jobs\\\\SendMail\",\"command\":\"O:17:\\\"App\\\\Jobs\\\\SendMail\\\":5:{s:7:\\\"\\u0000*\\u0000name\\\";s:24:\\\"giaptvpk03114@fpt.edu.vn\\\";s:8:\\\"\\u0000*\\u0000phone\\\";s:7:\\\"giapfpt\\\";s:8:\\\"\\u0000*\\u0000email\\\";s:9:\\\"232132432\\\";s:10:\\\"\\u0000*\\u0000content\\\";s:5:\\\"fsdaf\\\";s:5:\\\"delay\\\";O:25:\\\"Illuminate\\\\Support\\\\Carbon\\\":3:{s:4:\\\"date\\\";s:26:\\\"2023-09-29 17:24:29.045489\\\";s:13:\\\"timezone_type\\\";i:3;s:8:\\\"timezone\\\";s:3:\\\"UTC\\\";}}\"}}', 'ArgumentCountError: Too few arguments to function App\\Mail\\OrderShipped::__construct(), 3 passed in D:\\laragon\\www\\famipetshop\\app\\Jobs\\SendMail.php on line 41 and exactly 4 expected in D:\\laragon\\www\\famipetshop\\app\\Mail\\OrderShipped.php:26\nStack trace:\n#0 D:\\laragon\\www\\famipetshop\\app\\Jobs\\SendMail.php(41): App\\Mail\\OrderShipped->__construct(\'giaptvpk03114@f...\', \'giapfpt\', \'fsdaf\')\n#1 D:\\laragon\\www\\famipetshop\\vendor\\laravel\\framework\\src\\Illuminate\\Container\\BoundMethod.php(36): App\\Jobs\\SendMail->handle()\n#2 D:\\laragon\\www\\famipetshop\\vendor\\laravel\\framework\\src\\Illuminate\\Container\\Util.php(41): Illuminate\\Container\\BoundMethod::Illuminate\\Container\\{closure}()\n#3 D:\\laragon\\www\\famipetshop\\vendor\\laravel\\framework\\src\\Illuminate\\Container\\BoundMethod.php(93): Illuminate\\Container\\Util::unwrapIfClosure(Object(Closure))\n#4 D:\\laragon\\www\\famipetshop\\vendor\\laravel\\framework\\src\\Illuminate\\Container\\BoundMethod.php(37): Illuminate\\Container\\BoundMethod::callBoundMethod(Object(Illuminate\\Foundation\\Application), Array, Object(Closure))\n#5 D:\\laragon\\www\\famipetshop\\vendor\\laravel\\framework\\src\\Illuminate\\Container\\Container.php(662): Illuminate\\Container\\BoundMethod::call(Object(Illuminate\\Foundation\\Application), Array, Array, NULL)\n#6 D:\\laragon\\www\\famipetshop\\vendor\\laravel\\framework\\src\\Illuminate\\Bus\\Dispatcher.php(128): Illuminate\\Container\\Container->call(Array)\n#7 D:\\laragon\\www\\famipetshop\\vendor\\laravel\\framework\\src\\Illuminate\\Pipeline\\Pipeline.php(141): Illuminate\\Bus\\Dispatcher->Illuminate\\Bus\\{closure}(Object(App\\Jobs\\SendMail))\n#8 D:\\laragon\\www\\famipetshop\\vendor\\laravel\\framework\\src\\Illuminate\\Pipeline\\Pipeline.php(116): Illuminate\\Pipeline\\Pipeline->Illuminate\\Pipeline\\{closure}(Object(App\\Jobs\\SendMail))\n#9 D:\\laragon\\www\\famipetshop\\vendor\\laravel\\framework\\src\\Illuminate\\Bus\\Dispatcher.php(132): Illuminate\\Pipeline\\Pipeline->then(Object(Closure))\n#10 D:\\laragon\\www\\famipetshop\\vendor\\laravel\\framework\\src\\Illuminate\\Queue\\CallQueuedHandler.php(124): Illuminate\\Bus\\Dispatcher->dispatchNow(Object(App\\Jobs\\SendMail), false)\n#11 D:\\laragon\\www\\famipetshop\\vendor\\laravel\\framework\\src\\Illuminate\\Pipeline\\Pipeline.php(141): Illuminate\\Queue\\CallQueuedHandler->Illuminate\\Queue\\{closure}(Object(App\\Jobs\\SendMail))\n#12 D:\\laragon\\www\\famipetshop\\vendor\\laravel\\framework\\src\\Illuminate\\Pipeline\\Pipeline.php(116): Illuminate\\Pipeline\\Pipeline->Illuminate\\Pipeline\\{closure}(Object(App\\Jobs\\SendMail))\n#13 D:\\laragon\\www\\famipetshop\\vendor\\laravel\\framework\\src\\Illuminate\\Queue\\CallQueuedHandler.php(126): Illuminate\\Pipeline\\Pipeline->then(Object(Closure))\n#14 D:\\laragon\\www\\famipetshop\\vendor\\laravel\\framework\\src\\Illuminate\\Queue\\CallQueuedHandler.php(70): Illuminate\\Queue\\CallQueuedHandler->dispatchThroughMiddleware(Object(Illuminate\\Queue\\Jobs\\DatabaseJob), Object(App\\Jobs\\SendMail))\n#15 D:\\laragon\\www\\famipetshop\\vendor\\laravel\\framework\\src\\Illuminate\\Queue\\Jobs\\Job.php(98): Illuminate\\Queue\\CallQueuedHandler->call(Object(Illuminate\\Queue\\Jobs\\DatabaseJob), Array)\n#16 D:\\laragon\\www\\famipetshop\\vendor\\laravel\\framework\\src\\Illuminate\\Queue\\Worker.php(439): Illuminate\\Queue\\Jobs\\Job->fire()\n#17 D:\\laragon\\www\\famipetshop\\vendor\\laravel\\framework\\src\\Illuminate\\Queue\\Worker.php(389): Illuminate\\Queue\\Worker->process(\'database\', Object(Illuminate\\Queue\\Jobs\\DatabaseJob), Object(Illuminate\\Queue\\WorkerOptions))\n#18 D:\\laragon\\www\\famipetshop\\vendor\\laravel\\framework\\src\\Illuminate\\Queue\\Worker.php(176): Illuminate\\Queue\\Worker->runJob(Object(Illuminate\\Queue\\Jobs\\DatabaseJob), \'database\', Object(Illuminate\\Queue\\WorkerOptions))\n#19 D:\\laragon\\www\\famipetshop\\vendor\\laravel\\framework\\src\\Illuminate\\Queue\\Console\\WorkCommand.php(138): Illuminate\\Queue\\Worker->daemon(\'database\', \'default\', Object(Illuminate\\Queue\\WorkerOptions))\n#20 D:\\laragon\\www\\famipetshop\\vendor\\laravel\\framework\\src\\Illuminate\\Queue\\Console\\WorkCommand.php(121): Illuminate\\Queue\\Console\\WorkCommand->runWorker(\'database\', \'default\')\n#21 D:\\laragon\\www\\famipetshop\\vendor\\laravel\\framework\\src\\Illuminate\\Container\\BoundMethod.php(36): Illuminate\\Queue\\Console\\WorkCommand->handle()\n#22 D:\\laragon\\www\\famipetshop\\vendor\\laravel\\framework\\src\\Illuminate\\Container\\Util.php(41): Illuminate\\Container\\BoundMethod::Illuminate\\Container\\{closure}()\n#23 D:\\laragon\\www\\famipetshop\\vendor\\laravel\\framework\\src\\Illuminate\\Container\\BoundMethod.php(93): Illuminate\\Container\\Util::unwrapIfClosure(Object(Closure))\n#24 D:\\laragon\\www\\famipetshop\\vendor\\laravel\\framework\\src\\Illuminate\\Container\\BoundMethod.php(37): Illuminate\\Container\\BoundMethod::callBoundMethod(Object(Illuminate\\Foundation\\Application), Array, Object(Closure))\n#25 D:\\laragon\\www\\famipetshop\\vendor\\laravel\\framework\\src\\Illuminate\\Container\\Container.php(662): Illuminate\\Container\\BoundMethod::call(Object(Illuminate\\Foundation\\Application), Array, Array, NULL)\n#26 D:\\laragon\\www\\famipetshop\\vendor\\laravel\\framework\\src\\Illuminate\\Console\\Command.php(211): Illuminate\\Container\\Container->call(Array)\n#27 D:\\laragon\\www\\famipetshop\\vendor\\symfony\\console\\Command\\Command.php(326): Illuminate\\Console\\Command->execute(Object(Symfony\\Component\\Console\\Input\\ArgvInput), Object(Illuminate\\Console\\OutputStyle))\n#28 D:\\laragon\\www\\famipetshop\\vendor\\laravel\\framework\\src\\Illuminate\\Console\\Command.php(181): Symfony\\Component\\Console\\Command\\Command->run(Object(Symfony\\Component\\Console\\Input\\ArgvInput), Object(Illuminate\\Console\\OutputStyle))\n#29 D:\\laragon\\www\\famipetshop\\vendor\\symfony\\console\\Application.php(1081): Illuminate\\Console\\Command->run(Object(Symfony\\Component\\Console\\Input\\ArgvInput), Object(Symfony\\Component\\Console\\Output\\ConsoleOutput))\n#30 D:\\laragon\\www\\famipetshop\\vendor\\symfony\\console\\Application.php(320): Symfony\\Component\\Console\\Application->doRunCommand(Object(Illuminate\\Queue\\Console\\WorkCommand), Object(Symfony\\Component\\Console\\Input\\ArgvInput), Object(Symfony\\Component\\Console\\Output\\ConsoleOutput))\n#31 D:\\laragon\\www\\famipetshop\\vendor\\symfony\\console\\Application.php(174): Symfony\\Component\\Console\\Application->doRun(Object(Symfony\\Component\\Console\\Input\\ArgvInput), Object(Symfony\\Component\\Console\\Output\\ConsoleOutput))\n#32 D:\\laragon\\www\\famipetshop\\vendor\\laravel\\framework\\src\\Illuminate\\Foundation\\Console\\Kernel.php(201): Symfony\\Component\\Console\\Application->run(Object(Symfony\\Component\\Console\\Input\\ArgvInput), Object(Symfony\\Component\\Console\\Output\\ConsoleOutput))\n#33 D:\\laragon\\www\\famipetshop\\artisan(37): Illuminate\\Foundation\\Console\\Kernel->handle(Object(Symfony\\Component\\Console\\Input\\ArgvInput), Object(Symfony\\Component\\Console\\Output\\ConsoleOutput))\n#34 {main}', '2023-09-29 10:24:31'),
(6, 'f3e6be68-c7dd-4aff-b00f-c2a20a2e9415', 'database', 'default', '{\"uuid\":\"f3e6be68-c7dd-4aff-b00f-c2a20a2e9415\",\"displayName\":\"App\\\\Jobs\\\\SendMail\",\"job\":\"Illuminate\\\\Queue\\\\CallQueuedHandler@call\",\"maxTries\":null,\"maxExceptions\":null,\"failOnTimeout\":false,\"backoff\":null,\"timeout\":null,\"retryUntil\":null,\"data\":{\"commandName\":\"App\\\\Jobs\\\\SendMail\",\"command\":\"O:17:\\\"App\\\\Jobs\\\\SendMail\\\":4:{s:7:\\\"\\u0000*\\u0000name\\\";s:24:\\\"giaptvpk03114@fpt.edu.vn\\\";s:8:\\\"\\u0000*\\u0000email\\\";s:7:\\\"giapfpt\\\";s:10:\\\"\\u0000*\\u0000content\\\";s:9:\\\"232132432\\\";s:5:\\\"delay\\\";O:25:\\\"Illuminate\\\\Support\\\\Carbon\\\":3:{s:4:\\\"date\\\";s:26:\\\"2023-09-29 17:26:27.775290\\\";s:13:\\\"timezone_type\\\";i:3;s:8:\\\"timezone\\\";s:3:\\\"UTC\\\";}}\"}}', 'ArgumentCountError: Too few arguments to function App\\Mail\\OrderShipped::__construct(), 3 passed in D:\\laragon\\www\\famipetshop\\app\\Jobs\\SendMail.php on line 41 and exactly 4 expected in D:\\laragon\\www\\famipetshop\\app\\Mail\\OrderShipped.php:26\nStack trace:\n#0 D:\\laragon\\www\\famipetshop\\app\\Jobs\\SendMail.php(41): App\\Mail\\OrderShipped->__construct(\'giaptvpk03114@f...\', NULL, \'232132432\')\n#1 D:\\laragon\\www\\famipetshop\\vendor\\laravel\\framework\\src\\Illuminate\\Container\\BoundMethod.php(36): App\\Jobs\\SendMail->handle()\n#2 D:\\laragon\\www\\famipetshop\\vendor\\laravel\\framework\\src\\Illuminate\\Container\\Util.php(41): Illuminate\\Container\\BoundMethod::Illuminate\\Container\\{closure}()\n#3 D:\\laragon\\www\\famipetshop\\vendor\\laravel\\framework\\src\\Illuminate\\Container\\BoundMethod.php(93): Illuminate\\Container\\Util::unwrapIfClosure(Object(Closure))\n#4 D:\\laragon\\www\\famipetshop\\vendor\\laravel\\framework\\src\\Illuminate\\Container\\BoundMethod.php(37): Illuminate\\Container\\BoundMethod::callBoundMethod(Object(Illuminate\\Foundation\\Application), Array, Object(Closure))\n#5 D:\\laragon\\www\\famipetshop\\vendor\\laravel\\framework\\src\\Illuminate\\Container\\Container.php(662): Illuminate\\Container\\BoundMethod::call(Object(Illuminate\\Foundation\\Application), Array, Array, NULL)\n#6 D:\\laragon\\www\\famipetshop\\vendor\\laravel\\framework\\src\\Illuminate\\Bus\\Dispatcher.php(128): Illuminate\\Container\\Container->call(Array)\n#7 D:\\laragon\\www\\famipetshop\\vendor\\laravel\\framework\\src\\Illuminate\\Pipeline\\Pipeline.php(141): Illuminate\\Bus\\Dispatcher->Illuminate\\Bus\\{closure}(Object(App\\Jobs\\SendMail))\n#8 D:\\laragon\\www\\famipetshop\\vendor\\laravel\\framework\\src\\Illuminate\\Pipeline\\Pipeline.php(116): Illuminate\\Pipeline\\Pipeline->Illuminate\\Pipeline\\{closure}(Object(App\\Jobs\\SendMail))\n#9 D:\\laragon\\www\\famipetshop\\vendor\\laravel\\framework\\src\\Illuminate\\Bus\\Dispatcher.php(132): Illuminate\\Pipeline\\Pipeline->then(Object(Closure))\n#10 D:\\laragon\\www\\famipetshop\\vendor\\laravel\\framework\\src\\Illuminate\\Queue\\CallQueuedHandler.php(124): Illuminate\\Bus\\Dispatcher->dispatchNow(Object(App\\Jobs\\SendMail), false)\n#11 D:\\laragon\\www\\famipetshop\\vendor\\laravel\\framework\\src\\Illuminate\\Pipeline\\Pipeline.php(141): Illuminate\\Queue\\CallQueuedHandler->Illuminate\\Queue\\{closure}(Object(App\\Jobs\\SendMail))\n#12 D:\\laragon\\www\\famipetshop\\vendor\\laravel\\framework\\src\\Illuminate\\Pipeline\\Pipeline.php(116): Illuminate\\Pipeline\\Pipeline->Illuminate\\Pipeline\\{closure}(Object(App\\Jobs\\SendMail))\n#13 D:\\laragon\\www\\famipetshop\\vendor\\laravel\\framework\\src\\Illuminate\\Queue\\CallQueuedHandler.php(126): Illuminate\\Pipeline\\Pipeline->then(Object(Closure))\n#14 D:\\laragon\\www\\famipetshop\\vendor\\laravel\\framework\\src\\Illuminate\\Queue\\CallQueuedHandler.php(70): Illuminate\\Queue\\CallQueuedHandler->dispatchThroughMiddleware(Object(Illuminate\\Queue\\Jobs\\DatabaseJob), Object(App\\Jobs\\SendMail))\n#15 D:\\laragon\\www\\famipetshop\\vendor\\laravel\\framework\\src\\Illuminate\\Queue\\Jobs\\Job.php(98): Illuminate\\Queue\\CallQueuedHandler->call(Object(Illuminate\\Queue\\Jobs\\DatabaseJob), Array)\n#16 D:\\laragon\\www\\famipetshop\\vendor\\laravel\\framework\\src\\Illuminate\\Queue\\Worker.php(439): Illuminate\\Queue\\Jobs\\Job->fire()\n#17 D:\\laragon\\www\\famipetshop\\vendor\\laravel\\framework\\src\\Illuminate\\Queue\\Worker.php(389): Illuminate\\Queue\\Worker->process(\'database\', Object(Illuminate\\Queue\\Jobs\\DatabaseJob), Object(Illuminate\\Queue\\WorkerOptions))\n#18 D:\\laragon\\www\\famipetshop\\vendor\\laravel\\framework\\src\\Illuminate\\Queue\\Worker.php(176): Illuminate\\Queue\\Worker->runJob(Object(Illuminate\\Queue\\Jobs\\DatabaseJob), \'database\', Object(Illuminate\\Queue\\WorkerOptions))\n#19 D:\\laragon\\www\\famipetshop\\vendor\\laravel\\framework\\src\\Illuminate\\Queue\\Console\\WorkCommand.php(138): Illuminate\\Queue\\Worker->daemon(\'database\', \'default\', Object(Illuminate\\Queue\\WorkerOptions))\n#20 D:\\laragon\\www\\famipetshop\\vendor\\laravel\\framework\\src\\Illuminate\\Queue\\Console\\WorkCommand.php(121): Illuminate\\Queue\\Console\\WorkCommand->runWorker(\'database\', \'default\')\n#21 D:\\laragon\\www\\famipetshop\\vendor\\laravel\\framework\\src\\Illuminate\\Container\\BoundMethod.php(36): Illuminate\\Queue\\Console\\WorkCommand->handle()\n#22 D:\\laragon\\www\\famipetshop\\vendor\\laravel\\framework\\src\\Illuminate\\Container\\Util.php(41): Illuminate\\Container\\BoundMethod::Illuminate\\Container\\{closure}()\n#23 D:\\laragon\\www\\famipetshop\\vendor\\laravel\\framework\\src\\Illuminate\\Container\\BoundMethod.php(93): Illuminate\\Container\\Util::unwrapIfClosure(Object(Closure))\n#24 D:\\laragon\\www\\famipetshop\\vendor\\laravel\\framework\\src\\Illuminate\\Container\\BoundMethod.php(37): Illuminate\\Container\\BoundMethod::callBoundMethod(Object(Illuminate\\Foundation\\Application), Array, Object(Closure))\n#25 D:\\laragon\\www\\famipetshop\\vendor\\laravel\\framework\\src\\Illuminate\\Container\\Container.php(662): Illuminate\\Container\\BoundMethod::call(Object(Illuminate\\Foundation\\Application), Array, Array, NULL)\n#26 D:\\laragon\\www\\famipetshop\\vendor\\laravel\\framework\\src\\Illuminate\\Console\\Command.php(211): Illuminate\\Container\\Container->call(Array)\n#27 D:\\laragon\\www\\famipetshop\\vendor\\symfony\\console\\Command\\Command.php(326): Illuminate\\Console\\Command->execute(Object(Symfony\\Component\\Console\\Input\\ArgvInput), Object(Illuminate\\Console\\OutputStyle))\n#28 D:\\laragon\\www\\famipetshop\\vendor\\laravel\\framework\\src\\Illuminate\\Console\\Command.php(181): Symfony\\Component\\Console\\Command\\Command->run(Object(Symfony\\Component\\Console\\Input\\ArgvInput), Object(Illuminate\\Console\\OutputStyle))\n#29 D:\\laragon\\www\\famipetshop\\vendor\\symfony\\console\\Application.php(1081): Illuminate\\Console\\Command->run(Object(Symfony\\Component\\Console\\Input\\ArgvInput), Object(Symfony\\Component\\Console\\Output\\ConsoleOutput))\n#30 D:\\laragon\\www\\famipetshop\\vendor\\symfony\\console\\Application.php(320): Symfony\\Component\\Console\\Application->doRunCommand(Object(Illuminate\\Queue\\Console\\WorkCommand), Object(Symfony\\Component\\Console\\Input\\ArgvInput), Object(Symfony\\Component\\Console\\Output\\ConsoleOutput))\n#31 D:\\laragon\\www\\famipetshop\\vendor\\symfony\\console\\Application.php(174): Symfony\\Component\\Console\\Application->doRun(Object(Symfony\\Component\\Console\\Input\\ArgvInput), Object(Symfony\\Component\\Console\\Output\\ConsoleOutput))\n#32 D:\\laragon\\www\\famipetshop\\vendor\\laravel\\framework\\src\\Illuminate\\Foundation\\Console\\Kernel.php(201): Symfony\\Component\\Console\\Application->run(Object(Symfony\\Component\\Console\\Input\\ArgvInput), Object(Symfony\\Component\\Console\\Output\\ConsoleOutput))\n#33 D:\\laragon\\www\\famipetshop\\artisan(37): Illuminate\\Foundation\\Console\\Kernel->handle(Object(Symfony\\Component\\Console\\Input\\ArgvInput), Object(Symfony\\Component\\Console\\Output\\ConsoleOutput))\n#34 {main}', '2023-09-29 10:26:28');
INSERT INTO `failed_jobs` (`id`, `uuid`, `connection`, `queue`, `payload`, `exception`, `failed_at`) VALUES
(7, '5750441c-c7f1-4378-946c-efaa35707379', 'database', 'default', '{\"uuid\":\"5750441c-c7f1-4378-946c-efaa35707379\",\"displayName\":\"App\\\\Jobs\\\\SendMail\",\"job\":\"Illuminate\\\\Queue\\\\CallQueuedHandler@call\",\"maxTries\":null,\"maxExceptions\":null,\"failOnTimeout\":false,\"backoff\":null,\"timeout\":null,\"retryUntil\":null,\"data\":{\"commandName\":\"App\\\\Jobs\\\\SendMail\",\"command\":\"O:17:\\\"App\\\\Jobs\\\\SendMail\\\":4:{s:7:\\\"\\u0000*\\u0000name\\\";s:24:\\\"giaptvpk03114@fpt.edu.vn\\\";s:8:\\\"\\u0000*\\u0000email\\\";s:7:\\\"giapfpt\\\";s:10:\\\"\\u0000*\\u0000content\\\";s:5:\\\"gfdsg\\\";s:5:\\\"delay\\\";O:25:\\\"Illuminate\\\\Support\\\\Carbon\\\":3:{s:4:\\\"date\\\";s:26:\\\"2023-09-29 17:27:47.724964\\\";s:13:\\\"timezone_type\\\";i:3;s:8:\\\"timezone\\\";s:3:\\\"UTC\\\";}}\"}}', 'ArgumentCountError: Too few arguments to function App\\Mail\\OrderShipped::__construct(), 3 passed in D:\\laragon\\www\\famipetshop\\app\\Jobs\\SendMail.php on line 41 and exactly 4 expected in D:\\laragon\\www\\famipetshop\\app\\Mail\\OrderShipped.php:26\nStack trace:\n#0 D:\\laragon\\www\\famipetshop\\app\\Jobs\\SendMail.php(41): App\\Mail\\OrderShipped->__construct(\'giaptvpk03114@f...\', NULL, \'gfdsg\')\n#1 D:\\laragon\\www\\famipetshop\\vendor\\laravel\\framework\\src\\Illuminate\\Container\\BoundMethod.php(36): App\\Jobs\\SendMail->handle()\n#2 D:\\laragon\\www\\famipetshop\\vendor\\laravel\\framework\\src\\Illuminate\\Container\\Util.php(41): Illuminate\\Container\\BoundMethod::Illuminate\\Container\\{closure}()\n#3 D:\\laragon\\www\\famipetshop\\vendor\\laravel\\framework\\src\\Illuminate\\Container\\BoundMethod.php(93): Illuminate\\Container\\Util::unwrapIfClosure(Object(Closure))\n#4 D:\\laragon\\www\\famipetshop\\vendor\\laravel\\framework\\src\\Illuminate\\Container\\BoundMethod.php(37): Illuminate\\Container\\BoundMethod::callBoundMethod(Object(Illuminate\\Foundation\\Application), Array, Object(Closure))\n#5 D:\\laragon\\www\\famipetshop\\vendor\\laravel\\framework\\src\\Illuminate\\Container\\Container.php(662): Illuminate\\Container\\BoundMethod::call(Object(Illuminate\\Foundation\\Application), Array, Array, NULL)\n#6 D:\\laragon\\www\\famipetshop\\vendor\\laravel\\framework\\src\\Illuminate\\Bus\\Dispatcher.php(128): Illuminate\\Container\\Container->call(Array)\n#7 D:\\laragon\\www\\famipetshop\\vendor\\laravel\\framework\\src\\Illuminate\\Pipeline\\Pipeline.php(141): Illuminate\\Bus\\Dispatcher->Illuminate\\Bus\\{closure}(Object(App\\Jobs\\SendMail))\n#8 D:\\laragon\\www\\famipetshop\\vendor\\laravel\\framework\\src\\Illuminate\\Pipeline\\Pipeline.php(116): Illuminate\\Pipeline\\Pipeline->Illuminate\\Pipeline\\{closure}(Object(App\\Jobs\\SendMail))\n#9 D:\\laragon\\www\\famipetshop\\vendor\\laravel\\framework\\src\\Illuminate\\Bus\\Dispatcher.php(132): Illuminate\\Pipeline\\Pipeline->then(Object(Closure))\n#10 D:\\laragon\\www\\famipetshop\\vendor\\laravel\\framework\\src\\Illuminate\\Queue\\CallQueuedHandler.php(124): Illuminate\\Bus\\Dispatcher->dispatchNow(Object(App\\Jobs\\SendMail), false)\n#11 D:\\laragon\\www\\famipetshop\\vendor\\laravel\\framework\\src\\Illuminate\\Pipeline\\Pipeline.php(141): Illuminate\\Queue\\CallQueuedHandler->Illuminate\\Queue\\{closure}(Object(App\\Jobs\\SendMail))\n#12 D:\\laragon\\www\\famipetshop\\vendor\\laravel\\framework\\src\\Illuminate\\Pipeline\\Pipeline.php(116): Illuminate\\Pipeline\\Pipeline->Illuminate\\Pipeline\\{closure}(Object(App\\Jobs\\SendMail))\n#13 D:\\laragon\\www\\famipetshop\\vendor\\laravel\\framework\\src\\Illuminate\\Queue\\CallQueuedHandler.php(126): Illuminate\\Pipeline\\Pipeline->then(Object(Closure))\n#14 D:\\laragon\\www\\famipetshop\\vendor\\laravel\\framework\\src\\Illuminate\\Queue\\CallQueuedHandler.php(70): Illuminate\\Queue\\CallQueuedHandler->dispatchThroughMiddleware(Object(Illuminate\\Queue\\Jobs\\DatabaseJob), Object(App\\Jobs\\SendMail))\n#15 D:\\laragon\\www\\famipetshop\\vendor\\laravel\\framework\\src\\Illuminate\\Queue\\Jobs\\Job.php(98): Illuminate\\Queue\\CallQueuedHandler->call(Object(Illuminate\\Queue\\Jobs\\DatabaseJob), Array)\n#16 D:\\laragon\\www\\famipetshop\\vendor\\laravel\\framework\\src\\Illuminate\\Queue\\Worker.php(439): Illuminate\\Queue\\Jobs\\Job->fire()\n#17 D:\\laragon\\www\\famipetshop\\vendor\\laravel\\framework\\src\\Illuminate\\Queue\\Worker.php(389): Illuminate\\Queue\\Worker->process(\'database\', Object(Illuminate\\Queue\\Jobs\\DatabaseJob), Object(Illuminate\\Queue\\WorkerOptions))\n#18 D:\\laragon\\www\\famipetshop\\vendor\\laravel\\framework\\src\\Illuminate\\Queue\\Worker.php(176): Illuminate\\Queue\\Worker->runJob(Object(Illuminate\\Queue\\Jobs\\DatabaseJob), \'database\', Object(Illuminate\\Queue\\WorkerOptions))\n#19 D:\\laragon\\www\\famipetshop\\vendor\\laravel\\framework\\src\\Illuminate\\Queue\\Console\\WorkCommand.php(138): Illuminate\\Queue\\Worker->daemon(\'database\', \'default\', Object(Illuminate\\Queue\\WorkerOptions))\n#20 D:\\laragon\\www\\famipetshop\\vendor\\laravel\\framework\\src\\Illuminate\\Queue\\Console\\WorkCommand.php(121): Illuminate\\Queue\\Console\\WorkCommand->runWorker(\'database\', \'default\')\n#21 D:\\laragon\\www\\famipetshop\\vendor\\laravel\\framework\\src\\Illuminate\\Container\\BoundMethod.php(36): Illuminate\\Queue\\Console\\WorkCommand->handle()\n#22 D:\\laragon\\www\\famipetshop\\vendor\\laravel\\framework\\src\\Illuminate\\Container\\Util.php(41): Illuminate\\Container\\BoundMethod::Illuminate\\Container\\{closure}()\n#23 D:\\laragon\\www\\famipetshop\\vendor\\laravel\\framework\\src\\Illuminate\\Container\\BoundMethod.php(93): Illuminate\\Container\\Util::unwrapIfClosure(Object(Closure))\n#24 D:\\laragon\\www\\famipetshop\\vendor\\laravel\\framework\\src\\Illuminate\\Container\\BoundMethod.php(37): Illuminate\\Container\\BoundMethod::callBoundMethod(Object(Illuminate\\Foundation\\Application), Array, Object(Closure))\n#25 D:\\laragon\\www\\famipetshop\\vendor\\laravel\\framework\\src\\Illuminate\\Container\\Container.php(662): Illuminate\\Container\\BoundMethod::call(Object(Illuminate\\Foundation\\Application), Array, Array, NULL)\n#26 D:\\laragon\\www\\famipetshop\\vendor\\laravel\\framework\\src\\Illuminate\\Console\\Command.php(211): Illuminate\\Container\\Container->call(Array)\n#27 D:\\laragon\\www\\famipetshop\\vendor\\symfony\\console\\Command\\Command.php(326): Illuminate\\Console\\Command->execute(Object(Symfony\\Component\\Console\\Input\\ArgvInput), Object(Illuminate\\Console\\OutputStyle))\n#28 D:\\laragon\\www\\famipetshop\\vendor\\laravel\\framework\\src\\Illuminate\\Console\\Command.php(181): Symfony\\Component\\Console\\Command\\Command->run(Object(Symfony\\Component\\Console\\Input\\ArgvInput), Object(Illuminate\\Console\\OutputStyle))\n#29 D:\\laragon\\www\\famipetshop\\vendor\\symfony\\console\\Application.php(1081): Illuminate\\Console\\Command->run(Object(Symfony\\Component\\Console\\Input\\ArgvInput), Object(Symfony\\Component\\Console\\Output\\ConsoleOutput))\n#30 D:\\laragon\\www\\famipetshop\\vendor\\symfony\\console\\Application.php(320): Symfony\\Component\\Console\\Application->doRunCommand(Object(Illuminate\\Queue\\Console\\WorkCommand), Object(Symfony\\Component\\Console\\Input\\ArgvInput), Object(Symfony\\Component\\Console\\Output\\ConsoleOutput))\n#31 D:\\laragon\\www\\famipetshop\\vendor\\symfony\\console\\Application.php(174): Symfony\\Component\\Console\\Application->doRun(Object(Symfony\\Component\\Console\\Input\\ArgvInput), Object(Symfony\\Component\\Console\\Output\\ConsoleOutput))\n#32 D:\\laragon\\www\\famipetshop\\vendor\\laravel\\framework\\src\\Illuminate\\Foundation\\Console\\Kernel.php(201): Symfony\\Component\\Console\\Application->run(Object(Symfony\\Component\\Console\\Input\\ArgvInput), Object(Symfony\\Component\\Console\\Output\\ConsoleOutput))\n#33 D:\\laragon\\www\\famipetshop\\artisan(37): Illuminate\\Foundation\\Console\\Kernel->handle(Object(Symfony\\Component\\Console\\Input\\ArgvInput), Object(Symfony\\Component\\Console\\Output\\ConsoleOutput))\n#34 {main}', '2023-09-29 10:27:47'),
(8, '1a1c7727-7473-4107-b4a2-13b1f9b02944', 'database', 'default', '{\"uuid\":\"1a1c7727-7473-4107-b4a2-13b1f9b02944\",\"displayName\":\"App\\\\Jobs\\\\SendMail\",\"job\":\"Illuminate\\\\Queue\\\\CallQueuedHandler@call\",\"maxTries\":null,\"maxExceptions\":null,\"failOnTimeout\":false,\"backoff\":null,\"timeout\":null,\"retryUntil\":null,\"data\":{\"commandName\":\"App\\\\Jobs\\\\SendMail\",\"command\":\"O:17:\\\"App\\\\Jobs\\\\SendMail\\\":3:{s:8:\\\"\\u0000*\\u0000email\\\";s:24:\\\"giaptvpk03114@fpt.edu.vn\\\";s:10:\\\"\\u0000*\\u0000content\\\";s:5:\\\"fdsfd\\\";s:5:\\\"delay\\\";O:25:\\\"Illuminate\\\\Support\\\\Carbon\\\":3:{s:4:\\\"date\\\";s:26:\\\"2023-09-29 17:29:16.071822\\\";s:13:\\\"timezone_type\\\";i:3;s:8:\\\"timezone\\\";s:3:\\\"UTC\\\";}}\"}}', 'ArgumentCountError: Too few arguments to function App\\Mail\\OrderShipped::__construct(), 3 passed in D:\\laragon\\www\\famipetshop\\app\\Jobs\\SendMail.php on line 41 and exactly 4 expected in D:\\laragon\\www\\famipetshop\\app\\Mail\\OrderShipped.php:26\nStack trace:\n#0 D:\\laragon\\www\\famipetshop\\app\\Jobs\\SendMail.php(41): App\\Mail\\OrderShipped->__construct(NULL, NULL, \'fdsfd\')\n#1 D:\\laragon\\www\\famipetshop\\vendor\\laravel\\framework\\src\\Illuminate\\Container\\BoundMethod.php(36): App\\Jobs\\SendMail->handle()\n#2 D:\\laragon\\www\\famipetshop\\vendor\\laravel\\framework\\src\\Illuminate\\Container\\Util.php(41): Illuminate\\Container\\BoundMethod::Illuminate\\Container\\{closure}()\n#3 D:\\laragon\\www\\famipetshop\\vendor\\laravel\\framework\\src\\Illuminate\\Container\\BoundMethod.php(93): Illuminate\\Container\\Util::unwrapIfClosure(Object(Closure))\n#4 D:\\laragon\\www\\famipetshop\\vendor\\laravel\\framework\\src\\Illuminate\\Container\\BoundMethod.php(37): Illuminate\\Container\\BoundMethod::callBoundMethod(Object(Illuminate\\Foundation\\Application), Array, Object(Closure))\n#5 D:\\laragon\\www\\famipetshop\\vendor\\laravel\\framework\\src\\Illuminate\\Container\\Container.php(662): Illuminate\\Container\\BoundMethod::call(Object(Illuminate\\Foundation\\Application), Array, Array, NULL)\n#6 D:\\laragon\\www\\famipetshop\\vendor\\laravel\\framework\\src\\Illuminate\\Bus\\Dispatcher.php(128): Illuminate\\Container\\Container->call(Array)\n#7 D:\\laragon\\www\\famipetshop\\vendor\\laravel\\framework\\src\\Illuminate\\Pipeline\\Pipeline.php(141): Illuminate\\Bus\\Dispatcher->Illuminate\\Bus\\{closure}(Object(App\\Jobs\\SendMail))\n#8 D:\\laragon\\www\\famipetshop\\vendor\\laravel\\framework\\src\\Illuminate\\Pipeline\\Pipeline.php(116): Illuminate\\Pipeline\\Pipeline->Illuminate\\Pipeline\\{closure}(Object(App\\Jobs\\SendMail))\n#9 D:\\laragon\\www\\famipetshop\\vendor\\laravel\\framework\\src\\Illuminate\\Bus\\Dispatcher.php(132): Illuminate\\Pipeline\\Pipeline->then(Object(Closure))\n#10 D:\\laragon\\www\\famipetshop\\vendor\\laravel\\framework\\src\\Illuminate\\Queue\\CallQueuedHandler.php(124): Illuminate\\Bus\\Dispatcher->dispatchNow(Object(App\\Jobs\\SendMail), false)\n#11 D:\\laragon\\www\\famipetshop\\vendor\\laravel\\framework\\src\\Illuminate\\Pipeline\\Pipeline.php(141): Illuminate\\Queue\\CallQueuedHandler->Illuminate\\Queue\\{closure}(Object(App\\Jobs\\SendMail))\n#12 D:\\laragon\\www\\famipetshop\\vendor\\laravel\\framework\\src\\Illuminate\\Pipeline\\Pipeline.php(116): Illuminate\\Pipeline\\Pipeline->Illuminate\\Pipeline\\{closure}(Object(App\\Jobs\\SendMail))\n#13 D:\\laragon\\www\\famipetshop\\vendor\\laravel\\framework\\src\\Illuminate\\Queue\\CallQueuedHandler.php(126): Illuminate\\Pipeline\\Pipeline->then(Object(Closure))\n#14 D:\\laragon\\www\\famipetshop\\vendor\\laravel\\framework\\src\\Illuminate\\Queue\\CallQueuedHandler.php(70): Illuminate\\Queue\\CallQueuedHandler->dispatchThroughMiddleware(Object(Illuminate\\Queue\\Jobs\\DatabaseJob), Object(App\\Jobs\\SendMail))\n#15 D:\\laragon\\www\\famipetshop\\vendor\\laravel\\framework\\src\\Illuminate\\Queue\\Jobs\\Job.php(98): Illuminate\\Queue\\CallQueuedHandler->call(Object(Illuminate\\Queue\\Jobs\\DatabaseJob), Array)\n#16 D:\\laragon\\www\\famipetshop\\vendor\\laravel\\framework\\src\\Illuminate\\Queue\\Worker.php(439): Illuminate\\Queue\\Jobs\\Job->fire()\n#17 D:\\laragon\\www\\famipetshop\\vendor\\laravel\\framework\\src\\Illuminate\\Queue\\Worker.php(389): Illuminate\\Queue\\Worker->process(\'database\', Object(Illuminate\\Queue\\Jobs\\DatabaseJob), Object(Illuminate\\Queue\\WorkerOptions))\n#18 D:\\laragon\\www\\famipetshop\\vendor\\laravel\\framework\\src\\Illuminate\\Queue\\Worker.php(176): Illuminate\\Queue\\Worker->runJob(Object(Illuminate\\Queue\\Jobs\\DatabaseJob), \'database\', Object(Illuminate\\Queue\\WorkerOptions))\n#19 D:\\laragon\\www\\famipetshop\\vendor\\laravel\\framework\\src\\Illuminate\\Queue\\Console\\WorkCommand.php(138): Illuminate\\Queue\\Worker->daemon(\'database\', \'default\', Object(Illuminate\\Queue\\WorkerOptions))\n#20 D:\\laragon\\www\\famipetshop\\vendor\\laravel\\framework\\src\\Illuminate\\Queue\\Console\\WorkCommand.php(121): Illuminate\\Queue\\Console\\WorkCommand->runWorker(\'database\', \'default\')\n#21 D:\\laragon\\www\\famipetshop\\vendor\\laravel\\framework\\src\\Illuminate\\Container\\BoundMethod.php(36): Illuminate\\Queue\\Console\\WorkCommand->handle()\n#22 D:\\laragon\\www\\famipetshop\\vendor\\laravel\\framework\\src\\Illuminate\\Container\\Util.php(41): Illuminate\\Container\\BoundMethod::Illuminate\\Container\\{closure}()\n#23 D:\\laragon\\www\\famipetshop\\vendor\\laravel\\framework\\src\\Illuminate\\Container\\BoundMethod.php(93): Illuminate\\Container\\Util::unwrapIfClosure(Object(Closure))\n#24 D:\\laragon\\www\\famipetshop\\vendor\\laravel\\framework\\src\\Illuminate\\Container\\BoundMethod.php(37): Illuminate\\Container\\BoundMethod::callBoundMethod(Object(Illuminate\\Foundation\\Application), Array, Object(Closure))\n#25 D:\\laragon\\www\\famipetshop\\vendor\\laravel\\framework\\src\\Illuminate\\Container\\Container.php(662): Illuminate\\Container\\BoundMethod::call(Object(Illuminate\\Foundation\\Application), Array, Array, NULL)\n#26 D:\\laragon\\www\\famipetshop\\vendor\\laravel\\framework\\src\\Illuminate\\Console\\Command.php(211): Illuminate\\Container\\Container->call(Array)\n#27 D:\\laragon\\www\\famipetshop\\vendor\\symfony\\console\\Command\\Command.php(326): Illuminate\\Console\\Command->execute(Object(Symfony\\Component\\Console\\Input\\ArgvInput), Object(Illuminate\\Console\\OutputStyle))\n#28 D:\\laragon\\www\\famipetshop\\vendor\\laravel\\framework\\src\\Illuminate\\Console\\Command.php(181): Symfony\\Component\\Console\\Command\\Command->run(Object(Symfony\\Component\\Console\\Input\\ArgvInput), Object(Illuminate\\Console\\OutputStyle))\n#29 D:\\laragon\\www\\famipetshop\\vendor\\symfony\\console\\Application.php(1081): Illuminate\\Console\\Command->run(Object(Symfony\\Component\\Console\\Input\\ArgvInput), Object(Symfony\\Component\\Console\\Output\\ConsoleOutput))\n#30 D:\\laragon\\www\\famipetshop\\vendor\\symfony\\console\\Application.php(320): Symfony\\Component\\Console\\Application->doRunCommand(Object(Illuminate\\Queue\\Console\\WorkCommand), Object(Symfony\\Component\\Console\\Input\\ArgvInput), Object(Symfony\\Component\\Console\\Output\\ConsoleOutput))\n#31 D:\\laragon\\www\\famipetshop\\vendor\\symfony\\console\\Application.php(174): Symfony\\Component\\Console\\Application->doRun(Object(Symfony\\Component\\Console\\Input\\ArgvInput), Object(Symfony\\Component\\Console\\Output\\ConsoleOutput))\n#32 D:\\laragon\\www\\famipetshop\\vendor\\laravel\\framework\\src\\Illuminate\\Foundation\\Console\\Kernel.php(201): Symfony\\Component\\Console\\Application->run(Object(Symfony\\Component\\Console\\Input\\ArgvInput), Object(Symfony\\Component\\Console\\Output\\ConsoleOutput))\n#33 D:\\laragon\\www\\famipetshop\\artisan(37): Illuminate\\Foundation\\Console\\Kernel->handle(Object(Symfony\\Component\\Console\\Input\\ArgvInput), Object(Symfony\\Component\\Console\\Output\\ConsoleOutput))\n#34 {main}', '2023-09-29 10:29:17'),
(9, '397d7803-dd46-4958-a946-36d0aa0f20e5', 'database', 'default', '{\"uuid\":\"397d7803-dd46-4958-a946-36d0aa0f20e5\",\"displayName\":\"App\\\\Jobs\\\\SendMail\",\"job\":\"Illuminate\\\\Queue\\\\CallQueuedHandler@call\",\"maxTries\":null,\"maxExceptions\":null,\"failOnTimeout\":false,\"backoff\":null,\"timeout\":null,\"retryUntil\":null,\"data\":{\"commandName\":\"App\\\\Jobs\\\\SendMail\",\"command\":\"O:17:\\\"App\\\\Jobs\\\\SendMail\\\":2:{s:8:\\\"\\u0000*\\u0000email\\\";s:24:\\\"giaptvpk03114@fpt.edu.vn\\\";s:5:\\\"delay\\\";O:25:\\\"Illuminate\\\\Support\\\\Carbon\\\":3:{s:4:\\\"date\\\";s:26:\\\"2023-09-29 17:31:22.428772\\\";s:13:\\\"timezone_type\\\";i:3;s:8:\\\"timezone\\\";s:3:\\\"UTC\\\";}}\"}}', 'ArgumentCountError: Too few arguments to function App\\Mail\\OrderShipped::__construct(), 3 passed in D:\\laragon\\www\\famipetshop\\app\\Jobs\\SendMail.php on line 41 and exactly 4 expected in D:\\laragon\\www\\famipetshop\\app\\Mail\\OrderShipped.php:26\nStack trace:\n#0 D:\\laragon\\www\\famipetshop\\app\\Jobs\\SendMail.php(41): App\\Mail\\OrderShipped->__construct(NULL, NULL, NULL)\n#1 D:\\laragon\\www\\famipetshop\\vendor\\laravel\\framework\\src\\Illuminate\\Container\\BoundMethod.php(36): App\\Jobs\\SendMail->handle()\n#2 D:\\laragon\\www\\famipetshop\\vendor\\laravel\\framework\\src\\Illuminate\\Container\\Util.php(41): Illuminate\\Container\\BoundMethod::Illuminate\\Container\\{closure}()\n#3 D:\\laragon\\www\\famipetshop\\vendor\\laravel\\framework\\src\\Illuminate\\Container\\BoundMethod.php(93): Illuminate\\Container\\Util::unwrapIfClosure(Object(Closure))\n#4 D:\\laragon\\www\\famipetshop\\vendor\\laravel\\framework\\src\\Illuminate\\Container\\BoundMethod.php(37): Illuminate\\Container\\BoundMethod::callBoundMethod(Object(Illuminate\\Foundation\\Application), Array, Object(Closure))\n#5 D:\\laragon\\www\\famipetshop\\vendor\\laravel\\framework\\src\\Illuminate\\Container\\Container.php(662): Illuminate\\Container\\BoundMethod::call(Object(Illuminate\\Foundation\\Application), Array, Array, NULL)\n#6 D:\\laragon\\www\\famipetshop\\vendor\\laravel\\framework\\src\\Illuminate\\Bus\\Dispatcher.php(128): Illuminate\\Container\\Container->call(Array)\n#7 D:\\laragon\\www\\famipetshop\\vendor\\laravel\\framework\\src\\Illuminate\\Pipeline\\Pipeline.php(141): Illuminate\\Bus\\Dispatcher->Illuminate\\Bus\\{closure}(Object(App\\Jobs\\SendMail))\n#8 D:\\laragon\\www\\famipetshop\\vendor\\laravel\\framework\\src\\Illuminate\\Pipeline\\Pipeline.php(116): Illuminate\\Pipeline\\Pipeline->Illuminate\\Pipeline\\{closure}(Object(App\\Jobs\\SendMail))\n#9 D:\\laragon\\www\\famipetshop\\vendor\\laravel\\framework\\src\\Illuminate\\Bus\\Dispatcher.php(132): Illuminate\\Pipeline\\Pipeline->then(Object(Closure))\n#10 D:\\laragon\\www\\famipetshop\\vendor\\laravel\\framework\\src\\Illuminate\\Queue\\CallQueuedHandler.php(124): Illuminate\\Bus\\Dispatcher->dispatchNow(Object(App\\Jobs\\SendMail), false)\n#11 D:\\laragon\\www\\famipetshop\\vendor\\laravel\\framework\\src\\Illuminate\\Pipeline\\Pipeline.php(141): Illuminate\\Queue\\CallQueuedHandler->Illuminate\\Queue\\{closure}(Object(App\\Jobs\\SendMail))\n#12 D:\\laragon\\www\\famipetshop\\vendor\\laravel\\framework\\src\\Illuminate\\Pipeline\\Pipeline.php(116): Illuminate\\Pipeline\\Pipeline->Illuminate\\Pipeline\\{closure}(Object(App\\Jobs\\SendMail))\n#13 D:\\laragon\\www\\famipetshop\\vendor\\laravel\\framework\\src\\Illuminate\\Queue\\CallQueuedHandler.php(126): Illuminate\\Pipeline\\Pipeline->then(Object(Closure))\n#14 D:\\laragon\\www\\famipetshop\\vendor\\laravel\\framework\\src\\Illuminate\\Queue\\CallQueuedHandler.php(70): Illuminate\\Queue\\CallQueuedHandler->dispatchThroughMiddleware(Object(Illuminate\\Queue\\Jobs\\DatabaseJob), Object(App\\Jobs\\SendMail))\n#15 D:\\laragon\\www\\famipetshop\\vendor\\laravel\\framework\\src\\Illuminate\\Queue\\Jobs\\Job.php(98): Illuminate\\Queue\\CallQueuedHandler->call(Object(Illuminate\\Queue\\Jobs\\DatabaseJob), Array)\n#16 D:\\laragon\\www\\famipetshop\\vendor\\laravel\\framework\\src\\Illuminate\\Queue\\Worker.php(439): Illuminate\\Queue\\Jobs\\Job->fire()\n#17 D:\\laragon\\www\\famipetshop\\vendor\\laravel\\framework\\src\\Illuminate\\Queue\\Worker.php(389): Illuminate\\Queue\\Worker->process(\'database\', Object(Illuminate\\Queue\\Jobs\\DatabaseJob), Object(Illuminate\\Queue\\WorkerOptions))\n#18 D:\\laragon\\www\\famipetshop\\vendor\\laravel\\framework\\src\\Illuminate\\Queue\\Worker.php(176): Illuminate\\Queue\\Worker->runJob(Object(Illuminate\\Queue\\Jobs\\DatabaseJob), \'database\', Object(Illuminate\\Queue\\WorkerOptions))\n#19 D:\\laragon\\www\\famipetshop\\vendor\\laravel\\framework\\src\\Illuminate\\Queue\\Console\\WorkCommand.php(138): Illuminate\\Queue\\Worker->daemon(\'database\', \'default\', Object(Illuminate\\Queue\\WorkerOptions))\n#20 D:\\laragon\\www\\famipetshop\\vendor\\laravel\\framework\\src\\Illuminate\\Queue\\Console\\WorkCommand.php(121): Illuminate\\Queue\\Console\\WorkCommand->runWorker(\'database\', \'default\')\n#21 D:\\laragon\\www\\famipetshop\\vendor\\laravel\\framework\\src\\Illuminate\\Container\\BoundMethod.php(36): Illuminate\\Queue\\Console\\WorkCommand->handle()\n#22 D:\\laragon\\www\\famipetshop\\vendor\\laravel\\framework\\src\\Illuminate\\Container\\Util.php(41): Illuminate\\Container\\BoundMethod::Illuminate\\Container\\{closure}()\n#23 D:\\laragon\\www\\famipetshop\\vendor\\laravel\\framework\\src\\Illuminate\\Container\\BoundMethod.php(93): Illuminate\\Container\\Util::unwrapIfClosure(Object(Closure))\n#24 D:\\laragon\\www\\famipetshop\\vendor\\laravel\\framework\\src\\Illuminate\\Container\\BoundMethod.php(37): Illuminate\\Container\\BoundMethod::callBoundMethod(Object(Illuminate\\Foundation\\Application), Array, Object(Closure))\n#25 D:\\laragon\\www\\famipetshop\\vendor\\laravel\\framework\\src\\Illuminate\\Container\\Container.php(662): Illuminate\\Container\\BoundMethod::call(Object(Illuminate\\Foundation\\Application), Array, Array, NULL)\n#26 D:\\laragon\\www\\famipetshop\\vendor\\laravel\\framework\\src\\Illuminate\\Console\\Command.php(211): Illuminate\\Container\\Container->call(Array)\n#27 D:\\laragon\\www\\famipetshop\\vendor\\symfony\\console\\Command\\Command.php(326): Illuminate\\Console\\Command->execute(Object(Symfony\\Component\\Console\\Input\\ArgvInput), Object(Illuminate\\Console\\OutputStyle))\n#28 D:\\laragon\\www\\famipetshop\\vendor\\laravel\\framework\\src\\Illuminate\\Console\\Command.php(181): Symfony\\Component\\Console\\Command\\Command->run(Object(Symfony\\Component\\Console\\Input\\ArgvInput), Object(Illuminate\\Console\\OutputStyle))\n#29 D:\\laragon\\www\\famipetshop\\vendor\\symfony\\console\\Application.php(1081): Illuminate\\Console\\Command->run(Object(Symfony\\Component\\Console\\Input\\ArgvInput), Object(Symfony\\Component\\Console\\Output\\ConsoleOutput))\n#30 D:\\laragon\\www\\famipetshop\\vendor\\symfony\\console\\Application.php(320): Symfony\\Component\\Console\\Application->doRunCommand(Object(Illuminate\\Queue\\Console\\WorkCommand), Object(Symfony\\Component\\Console\\Input\\ArgvInput), Object(Symfony\\Component\\Console\\Output\\ConsoleOutput))\n#31 D:\\laragon\\www\\famipetshop\\vendor\\symfony\\console\\Application.php(174): Symfony\\Component\\Console\\Application->doRun(Object(Symfony\\Component\\Console\\Input\\ArgvInput), Object(Symfony\\Component\\Console\\Output\\ConsoleOutput))\n#32 D:\\laragon\\www\\famipetshop\\vendor\\laravel\\framework\\src\\Illuminate\\Foundation\\Console\\Kernel.php(201): Symfony\\Component\\Console\\Application->run(Object(Symfony\\Component\\Console\\Input\\ArgvInput), Object(Symfony\\Component\\Console\\Output\\ConsoleOutput))\n#33 D:\\laragon\\www\\famipetshop\\artisan(37): Illuminate\\Foundation\\Console\\Kernel->handle(Object(Symfony\\Component\\Console\\Input\\ArgvInput), Object(Symfony\\Component\\Console\\Output\\ConsoleOutput))\n#34 {main}', '2023-09-29 10:31:23');

-- --------------------------------------------------------

--
-- Table structure for table `jobs`
--

CREATE TABLE `jobs` (
  `id` bigint UNSIGNED NOT NULL,
  `queue` varchar(255) CHARACTER SET utf8mb4 COLLATE utf8mb4_unicode_ci NOT NULL,
  `payload` longtext CHARACTER SET utf8mb4 COLLATE utf8mb4_unicode_ci NOT NULL,
  `attempts` tinyint UNSIGNED NOT NULL,
  `reserved_at` int UNSIGNED DEFAULT NULL,
  `available_at` int UNSIGNED NOT NULL,
  `created_at` int UNSIGNED NOT NULL
) ENGINE=InnoDB DEFAULT CHARSET=utf8mb4 COLLATE=utf8mb4_unicode_ci;

-- --------------------------------------------------------

--
-- Table structure for table `menus`
--

CREATE TABLE `menus` (
  `id` bigint UNSIGNED NOT NULL,
  `name` varchar(255) CHARACTER SET utf8mb4 COLLATE utf8mb4_unicode_ci NOT NULL,
  `parent_id` int NOT NULL,
  `description` text CHARACTER SET utf8mb4 COLLATE utf8mb4_unicode_ci NOT NULL,
  `content` longtext CHARACTER SET utf8mb4 COLLATE utf8mb4_unicode_ci NOT NULL,
  `active` int NOT NULL,
  `created_at` timestamp NULL DEFAULT NULL,
  `updated_at` timestamp NULL DEFAULT NULL
) ENGINE=InnoDB DEFAULT CHARSET=utf8mb4 COLLATE=utf8mb4_unicode_ci;

--
-- Dumping data for table `menus`
--

INSERT INTO `menus` (`id`, `name`, `parent_id`, `description`, `content`, `active`, `created_at`, `updated_at`) VALUES
(6, 'dog acessories', 0, 'dog acessories', '<p>dog acessories</p>', 1, '2023-09-19 19:21:26', '2023-09-29 19:44:59'),
(8, 'cat acessories', 0, 'cat acessories', '<p>cat acessories</p>', 1, '2023-09-19 20:47:44', '2023-09-29 19:46:22'),
(11, 'cat food', 8, 'cat food', '<p>cat food</p>', 1, '2023-09-29 19:47:04', '2023-09-29 19:47:04'),
(12, 'dog food', 6, 'dog food', '<p>dog food</p>', 1, '2023-09-29 19:47:24', '2023-09-29 19:47:24'),
(13, 'pet medicine', 6, 'pet medicine', '<p>&nbsp;pet medicine</p>', 1, '2023-09-29 19:51:29', '2023-09-29 19:51:29'),
(14, 'pet medicine', 15, 'pet medicine', '<p>&nbsp;pet medicine</p>', 1, '2023-09-29 19:51:45', '2023-10-17 01:22:21'),
(15, 'cat and dog', 0, '', '', 1, '2023-10-12 08:24:32', '2023-10-12 08:24:32'),
(16, 'Drugs For Dog', 0, '', '', 1, '2023-10-17 00:51:37', '2023-10-17 00:51:37'),
(17, 'Drugs For cat', 0, '', '', 1, '2023-10-17 00:51:43', '2023-10-17 00:51:43');

-- --------------------------------------------------------

--
-- Table structure for table `migrations`
--

CREATE TABLE `migrations` (
  `id` int UNSIGNED NOT NULL,
  `migration` varchar(255) CHARACTER SET utf8mb4 COLLATE utf8mb4_unicode_ci NOT NULL,
  `batch` int NOT NULL
) ENGINE=InnoDB DEFAULT CHARSET=utf8mb4 COLLATE=utf8mb4_unicode_ci;

--
-- Dumping data for table `migrations`
--

INSERT INTO `migrations` (`id`, `migration`, `batch`) VALUES
(1, '2014_10_12_000000_create_users_table', 1),
(2, '2014_10_12_100000_create_password_reset_tokens_table', 1),
(3, '2019_08_19_000000_create_failed_jobs_table', 1),
(4, '2019_12_14_000001_create_personal_access_tokens_table', 1),
(5, '2023_09_15_155020_create_menus_table', 2),
(6, '2023_09_20_141158_create_products_table', 3),
(7, '2023_09_20_142317_update_table_product', 4),
(8, '2023_09_24_033839_create_sliders_table', 5),
(11, '2023_09_28_140143_create_customers_table', 6),
(12, '2023_09_28_140302_create_carts_table', 6),
(13, '2023_09_28_151351_create_jobs_table', 7),
(14, '2023_09_30_153020_create_orders_table', 8),
(15, '2023_09_30_153639_create_order_items_table', 9),
(16, '2024_01_02_153045_create_posts_table', 10),
(17, '2024_01_09_054106_create_comments_table', 11),
(18, '2024_01_11_064932_create_crawls_table', 11),
(19, '2024_01_16_033715_create_comments_table', 12),
(20, '2014_10_12_100000_create_password_resets_table', 13),
(21, '2024_02_01_041932_create_product_images_table', 13);

-- --------------------------------------------------------

--
-- Table structure for table `orders`
--

CREATE TABLE `orders` (
  `id` bigint UNSIGNED NOT NULL,
  `order_number` varchar(255) CHARACTER SET utf8mb4 COLLATE utf8mb4_unicode_ci NOT NULL,
  `customer_id` bigint UNSIGNED NOT NULL,
  `total_amount` float NOT NULL,
  `status` varchar(50) COLLATE utf8mb4_unicode_ci DEFAULT NULL,
  `order_date` timestamp NULL DEFAULT NULL,
  `created_at` timestamp NULL DEFAULT NULL,
  `updated_at` timestamp NULL DEFAULT NULL
) ENGINE=InnoDB DEFAULT CHARSET=utf8mb4 COLLATE=utf8mb4_unicode_ci;

--
-- Dumping data for table `orders`
--

INSERT INTO `orders` (`id`, `order_number`, `customer_id`, `total_amount`, `status`, `order_date`, `created_at`, `updated_at`) VALUES
(30, 'ORD-30', 107, 150000, NULL, '2023-10-12 00:26:47', '2023-10-12 00:26:47', '2023-10-12 00:26:47'),
(31, 'ORD-31', 108, 150000, NULL, '2023-10-12 00:27:13', '2023-10-12 00:27:13', '2023-10-12 00:27:13'),
(32, 'ORD-32', 109, 54000, NULL, '2023-10-14 07:45:42', '2023-10-14 07:45:42', '2023-10-14 07:45:42'),
(34, 'ORD-33', 111, 240000, NULL, '2024-01-15 07:50:47', '2024-01-15 07:50:47', '2024-01-15 07:50:47'),
(35, 'ORD-35', 112, 720000, NULL, '2024-01-24 07:56:40', '2024-01-24 07:56:40', '2024-01-24 07:56:40'),
(38, 'ORD-36', 115, 50000, 'pending', '2024-01-26 20:11:33', '2024-01-26 20:11:33', '2024-01-26 20:11:33'),
(39, 'ORD-39', 116, 376000, 'pending', '2024-01-26 20:47:44', '2024-01-26 20:47:44', '2024-01-26 20:47:44'),
(40, 'ORD-40', 117, 158000, 'cancelled', '2024-01-26 22:21:39', '2024-01-26 22:21:39', '2024-02-02 22:29:54'),
(41, 'ORD-41', 118, 22000, 'pending', '2024-02-19 04:53:56', '2024-02-19 04:53:56', '2024-02-19 04:53:56'),
(42, 'ORD-42', 119, 50000, 'delivered', '2024-02-19 05:07:51', '2024-02-19 05:07:51', '2024-02-19 21:11:50'),
(43, 'ORD-43', 120, 240000, 'processing', '2024-02-19 05:08:07', '2024-02-19 05:08:07', '2024-02-19 21:07:33'),
(44, 'ORD-44', 121, 100000, 'pending', '2024-02-19 22:58:11', '2024-02-19 22:58:11', '2024-02-19 22:58:11');

-- --------------------------------------------------------

--
-- Table structure for table `order_items`
--

CREATE TABLE `order_items` (
  `id` bigint UNSIGNED NOT NULL,
  `order_id` bigint UNSIGNED NOT NULL,
  `product_id` bigint UNSIGNED NOT NULL,
  `quantity` int NOT NULL,
  `price` decimal(10,2) NOT NULL,
  `created_at` timestamp NULL DEFAULT NULL,
  `updated_at` timestamp NULL DEFAULT NULL
) ENGINE=InnoDB DEFAULT CHARSET=utf8mb4 COLLATE=utf8mb4_unicode_ci;

--
-- Dumping data for table `order_items`
--

INSERT INTO `order_items` (`id`, `order_id`, `product_id`, `quantity`, `price`, `created_at`, `updated_at`) VALUES
(7, 30, 30, 3, '50000.00', '2023-10-12 00:26:47', '2023-10-12 00:26:47'),
(8, 31, 30, 3, '50000.00', '2023-10-12 00:27:13', '2023-10-12 00:27:13'),
(9, 32, 29, 2, '27000.00', '2023-10-14 07:45:42', '2023-10-14 07:45:42'),
(11, 34, 26, 1, '240000.00', '2024-01-15 07:50:47', '2024-01-15 07:50:47'),
(12, 35, 31, 3, '240000.00', '2024-01-24 07:56:40', '2024-01-24 07:56:40'),
(13, 38, 30, 1, '50000.00', '2024-01-26 20:11:33', '2024-01-26 20:11:33'),
(14, 39, 22, 1, '14000.00', '2024-01-26 20:47:44', '2024-01-26 20:47:44'),
(15, 39, 23, 1, '22000.00', '2024-01-26 20:47:44', '2024-01-26 20:47:44'),
(16, 39, 24, 1, '50000.00', '2024-01-26 20:47:44', '2024-01-26 20:47:44'),
(17, 39, 25, 1, '50000.00', '2024-01-26 20:47:44', '2024-01-26 20:47:44'),
(18, 39, 26, 1, '240000.00', '2024-01-26 20:47:44', '2024-01-26 20:47:44'),
(19, 40, 24, 2, '50000.00', '2024-01-26 22:21:39', '2024-01-26 22:21:39'),
(20, 40, 27, 1, '14000.00', '2024-01-26 22:21:39', '2024-01-26 22:21:39'),
(21, 40, 28, 2, '22000.00', '2024-01-26 22:21:39', '2024-01-26 22:21:39'),
(22, 41, 28, 1, '22000.00', '2024-02-19 04:53:56', '2024-02-19 04:53:56'),
(23, 42, 30, 1, '50000.00', '2024-02-19 05:07:51', '2024-02-19 05:07:51'),
(24, 43, 26, 1, '240000.00', '2024-02-19 05:08:07', '2024-02-19 05:08:07'),
(25, 44, 24, 1, '50000.00', '2024-02-19 22:58:11', '2024-02-19 22:58:11'),
(26, 44, 25, 1, '50000.00', '2024-02-19 22:58:11', '2024-02-19 22:58:11');

-- --------------------------------------------------------

--
-- Table structure for table `password_resets`
--

CREATE TABLE `password_resets` (
  `email` varchar(255) COLLATE utf8mb4_unicode_ci NOT NULL,
  `token` varchar(255) COLLATE utf8mb4_unicode_ci NOT NULL,
  `created_at` timestamp NULL DEFAULT NULL
) ENGINE=InnoDB DEFAULT CHARSET=utf8mb4 COLLATE=utf8mb4_unicode_ci;

-- --------------------------------------------------------

--
-- Table structure for table `password_reset_tokens`
--

CREATE TABLE `password_reset_tokens` (
  `email` varchar(255) CHARACTER SET utf8mb4 COLLATE utf8mb4_unicode_ci NOT NULL,
  `token` varchar(255) CHARACTER SET utf8mb4 COLLATE utf8mb4_unicode_ci NOT NULL,
  `created_at` timestamp NULL DEFAULT NULL
) ENGINE=InnoDB DEFAULT CHARSET=utf8mb4 COLLATE=utf8mb4_unicode_ci;

--
-- Dumping data for table `password_reset_tokens`
--

INSERT INTO `password_reset_tokens` (`email`, `token`, `created_at`) VALUES
('truongvangiap04@gmail.com', '$2y$10$4Pgy4iXcke9tOGIJ5FJed.sf49gdMiwFbkhPnPxyz2pv0lkTspIeu', '2024-01-19 22:27:10');

-- --------------------------------------------------------

--
-- Table structure for table `personal_access_tokens`
--

CREATE TABLE `personal_access_tokens` (
  `id` bigint UNSIGNED NOT NULL,
  `tokenable_type` varchar(255) CHARACTER SET utf8mb4 COLLATE utf8mb4_unicode_ci NOT NULL,
  `tokenable_id` bigint UNSIGNED NOT NULL,
  `name` varchar(255) CHARACTER SET utf8mb4 COLLATE utf8mb4_unicode_ci NOT NULL,
  `token` varchar(64) CHARACTER SET utf8mb4 COLLATE utf8mb4_unicode_ci NOT NULL,
  `abilities` text CHARACTER SET utf8mb4 COLLATE utf8mb4_unicode_ci,
  `last_used_at` timestamp NULL DEFAULT NULL,
  `expires_at` timestamp NULL DEFAULT NULL,
  `created_at` timestamp NULL DEFAULT NULL,
  `updated_at` timestamp NULL DEFAULT NULL
) ENGINE=InnoDB DEFAULT CHARSET=utf8mb4 COLLATE=utf8mb4_unicode_ci;

-- --------------------------------------------------------

--
-- Table structure for table `posts`
--

CREATE TABLE `posts` (
  `id` bigint UNSIGNED NOT NULL,
  `title` varchar(255) CHARACTER SET utf8mb4 COLLATE utf8mb4_unicode_ci NOT NULL,
  `content` text CHARACTER SET utf8mb4 COLLATE utf8mb4_unicode_ci NOT NULL,
  `thumb` varchar(255) CHARACTER SET utf8mb4 COLLATE utf8mb4_unicode_ci DEFAULT NULL,
  `created_at` timestamp NULL DEFAULT NULL,
  `updated_at` timestamp NULL DEFAULT NULL
) ENGINE=InnoDB DEFAULT CHARSET=utf8mb4 COLLATE=utf8mb4_unicode_ci;

--
-- Dumping data for table `posts`
--

INSERT INTO `posts` (`id`, `title`, `content`, `thumb`, `created_at`, `updated_at`) VALUES
(1, 'World’s First Chicken-Free Liquid Egg Debuts At Eleven Madison Park', '<p><img alt=\"\" src=\"https://images.squarespace-cdn.com/content/v1/5a9c54e875f9eef8f485bcfa/d466f641-a458-4fda-89bd-26e51e0a2b81/EVERY_Egg_TheEveryCo.jpg\" style=\"height:534px; width:800px\" /></p>\r\n\r\n<p>An omelet made using the EVERY Egg. Credit: The EVERY Co.</p>\r\n\r\n<p>Diners have tasted a glimpse of the future of food as the &ldquo;world&rsquo;s first liquid egg made without the hen&rdquo; made its debut at a restaurant in New York last month.</p>\r\n\r\n<p>The <a href=\"https://everyegg.com/\" target=\"_blank\">EVERY Egg</a> is made using precision fermentation to create real animal protein that is equivalent to the key protein found in a hen&rsquo;s egg. The brewing process, similar to how beer is brewed, combines a special yeast with sugar and water to brew egg protein that&rsquo;s then crafted into a liquid egg.&nbsp;&nbsp;</p>\r\n\r\n<p>And the product has now been unveiled for the first time at NYC&rsquo;s Eleven Madison Park, a three-star Michelin restaurant considered to be among one of the world&rsquo;s top dining establishments.&nbsp;</p>\r\n\r\n<p>As part of the exclusive dinner served to a group of leading culinary innovators and chefs on&nbsp; December 8, guests sampled multiple courses including omelet and creme br&ucirc;l&eacute;e, as well as cocktails (which sometimes use egg white in their recipes).</p>\r\n\r\n<p><img alt=\"\" src=\"https://images.squarespace-cdn.com/content/v1/5a9c54e875f9eef8f485bcfa/61807c3b-b39e-41d8-8ba3-234fa36ae403/EVERY_Egg_on_toast_TheEveryCo.jpg\" style=\"height:530px; width:800px\" /></p>\r\n\r\n<p>Scrambled egg on toast using the EVERY Egg. Credit: The EVERY Co.</p>\r\n\r\n<p>Executive chef Daniel Humm noted that when his team prepared an omelet using EVERY Egg, the taste and versatility was &ldquo;indistinguishable&rdquo; from hen eggs. The product is described as the first to be able to match the culinary versatility of eggs and be able to be used as a 1:1 drop-in across hundreds of culinary applications where eggs are used.</p>\r\n\r\n<p>This includes everything from scrambled egg, omelets, and as an ingredient in cakes and sweet treats.</p>\r\n\r\n<p><img alt=\"\" src=\"https://images.squarespace-cdn.com/content/v1/5a9c54e875f9eef8f485bcfa/4d1f6edf-a8e0-4857-a4f2-ddd0b3b2f5c4/EVERY_scrambled_Egg_TheEveryCo.jpg\" style=\"height:536px; width:800px\" /></p>\r\n\r\n<p>Credit: The EVERY Co.</p>\r\n\r\n<p>&quot;By decoupling the egg from the chicken, EVERY Egg is going to change the way we think about one of the most ubiquitous foods on the planet,&quot; said Arturo Elizondo, CEO of EVERY, the company behind the EVERY Egg. The product is now available for sampling to foodservice operators and will be available at restaurants later in 2024.&nbsp;</p>\r\n\r\n<p>The Silicon Valley-based company spent over nine years of product development to create the EVERY Egg, and has raised over $233 million from investors including Anne Hathaway, AB InBev, and Grupo Bimbo.&nbsp;</p>\r\n\r\n<h2>Solving The Problems Of The Egg Industry</h2>\r\n\r\n<p>Solutions like the EVERY Egg offer a glimpse at the future of food, one where food production does not have to rely on animal agriculture. Such alternatives could create a kinder and more sustainable global food system, as current meat, dairy, and egg production carries a high environmental impact and requires millions of animals to be farmed and slaughtered every year.&nbsp;</p>\r\n\r\n<p>Eleven Madison Park&rsquo;s Chef Humm has explained that he&rsquo;s excited about the potential of EVERY Egg to &ldquo;transform the food landscape&rdquo;. EVERY say that using precision fermentation instead of animals to produce eggs solves some of the egg industry&rsquo;s biggest challenges, including animal welfare issues, supply shortages, and price spikes.&nbsp;</p>\r\n\r\n<p>And alternative egg-producing methods like precision fermentation could help stop the suffering of millions of hens who are typically kept in poor and unnatural conditions at tightly-packed egg-laying facilities.</p>\r\n\r\n<p><img alt=\"\" src=\"https://images.squarespace-cdn.com/content/v1/5a9c54e875f9eef8f485bcfa/09e7da62-9d9e-4676-b87e-9cf764fe0f64/IntensiveEggFarming_India_AJones_2018-3.jpg\" style=\"height:500px; width:750px\" /></p>\r\n\r\n<p>Hens on an intensive egg farm. Credit: Amy Jones/Moving Animals.</p>\r\n\r\n<p>Unlike chicken meat which comes from &ldquo;broiler&rdquo; chickens, who are selectively bred to grow as unnaturally big as fast as possible, eggs are instead sourced from egg-laying hens.</p>\r\n\r\n<p>These hens are females who have been bred to produce high volumes of eggs, typically around 300 a year - a stark difference to wild hens who naturally lay only 10 to 15 eggs annually. In the wild, such hens can live 10 to 15 years, but those in the egg industry are slaughtered when their egg production begins to wane, typically at just 12-18 months of age. These hens are typically used as pet food, feed for other factory-farmed animals, or &ldquo;landfilled&rdquo; because they have so little meat on them in comparison to broiler chickens.</p>', '/storage/uploads/2024/01/15/EVERY_Egg_TheEveryCo.jpg', '2024-01-15 07:58:00', '2024-01-15 08:03:30'),
(2, 'Wolf Fur Farms Uncovered In Canada', '<hr />\r\n<p><img alt=\"\" src=\"https://images.squarespace-cdn.com/content/v1/5a9c54e875f9eef8f485bcfa/6f94ad14-5458-4888-b1a2-7af24f5b486a/milo-weiler-1AIYdIb3O5M-unsplash.jpg\" style=\"height:533px; width:800px\" /></p>\r\n\r\n<p>Uncovered government documents have revealed for the first time that wolves, bobcats, and lynx are being kept captive and commercially farmed in Canada&rsquo;s controversial fur farming industry.</p>\r\n\r\n<p>While it has long been known that animals including minks, foxes, and chinchillas are farmed on fur farms in the country, this is the first time that these other species have been linked to the trade.</p>\r\n\r\n<p>Canada is now said to be one of the only - if not the only - country in the world that is known to actively farm wolves, bobcats, and lynx for their fur. The alarming discovery was uncovered by wildlife protection charity The Fur-Bearers, via freedom of information requests for fur farming licenses issued by government agencies.</p>\r\n\r\n<p>According to government figures received in the requests, there are five fur farms operating in the province of Saskatcherwan that involve wolves, bobcats, or lynx. They vary in size, with the smallest housing three animals while the largest has 59 animals. There is also one lynx fur farm operating in the province of Alberta, which currently houses four lynx.</p>\r\n\r\n<p><img alt=\"\" src=\"https://images.squarespace-cdn.com/content/v1/5a9c54e875f9eef8f485bcfa/fea343b5-a5d0-4ecb-8cbd-93ab53f09f68/zdenek-machacek-Sc4QuCtbDYA-unsplash+%281%29.jpg\" style=\"height:649px; width:800px\" /></p>\r\n\r\n<p>Lynx, pictured here, have also been discovered as one of the species being farmed for their fur in Canada.</p>\r\n\r\n<p>The unprecedented discovery shines a light on the secretive fur farming sector in Canada, and has reignited a debate on banning fur farming in the country.</p>\r\n\r\n<p>&ldquo;Fur farming has no place in Canada,&rdquo; says Aaron Hofman, Director of Advocacy and Policy at <a href=\"https://thefurbearers.com/blog/wolf-bobcat-and-lynx-fur-farms-uncovered-in-canada/\" target=\"_blank\">The Fur-Bearers</a>. &ldquo;While fur farming bans have been sweeping across Europe in recent years, Canadians are learning that iconic wildlife species like wolves are being commercially farmed in their own country. This archaic and inhumane practice needs to end.&rdquo;</p>\r\n\r\n<p>Industry data shows that there are fewer than 100 fur farms left in Canada. In 2021, British Columbia banned mink farming over the sector&rsquo;s public health risks associated with COVID-19.</p>\r\n\r\n<h2>Fur Farming Around The World - How Does Canada Compare?</h2>\r\n\r\n<p>Across the European Union (EU), fur farming has become increasingly unpopular in recent years due to increased awareness around animal welfare, as well as the health and environmental risks associated with the industry. Amid falling consumer demand, Latvia recently banned fur farming and became the fifteenth EU country to do so, following the likes of Luxembourg, the Netherlands, and the United Kingdom.</p>\r\n\r\n<p>And in the United States, California became the first state to ban new fur sales back in 2019.</p>\r\n\r\n<p><img alt=\"\" src=\"https://images.squarespace-cdn.com/content/v1/5a9c54e875f9eef8f485bcfa/f2c79806-4369-47ee-9c87-72f8952977b1/markus-spiske-HMOi1xhIkeI-unsplash.jpg\" style=\"height:600px; width:800px\" /></p>\r\n\r\n<p>Such bans have been reflected in the fashion industry itself. Many major fashion brands including Gucci, Michael Kors, Burberry, Dolce &amp; Gabbana, and Moncler have removed fur from their collections in favor of more ethical and eco-conscious materials, while the former CEO of the Fur Trade Association<a href=\"https://www.speciesunite.com/news-stories/former-ceo-of-fur-trade-association-denounces-trade-and-calls-for-ban\"> has denounced</a> the animal cruelty inherent in the fur trade as &ldquo;indefensible&rdquo;.</p>\r\n\r\n<p>However, despite this progress, around 100 million animals are still killed for their fur every year as part of the global fur trade. Animals are typically kept in cramped conditions where cannibalism and neurotic behavior is not uncommon. To harvest their fur, the animals are bludgeoned, skinned alive, electrocuted, or gassed. As well as animal welfare concerns, opponents of the trade say that the industry is detrimental to the environment, particularly with water pollution, land degradation, and greenhouse gas emissions.</p>\r\n\r\n<h2>Take Action Against Fur&nbsp;</h2>\r\n\r\n<p>While most high-end designer labels have publicly banned fur from their collections, there are a few that still haven&rsquo;t followed the compassionate trend.<em> </em>Join Species Unite today in calling on Max Mara to end their sale of fur -<a href=\"https://www.speciesunite.com/max-mara-fur-petition#:~:text=An%20investigation%20into%20the%20farms,which%20grows%20over%20their%20eyes.\"> add your name to our petition here</a>. And to learn more about the future of animal-free fur, listen to our<a href=\"https://www.speciesunite.com/podcast/kym-canter\"> Species Unite podcast episode with Kym Canter</a>, the founder and creative director at House of Fluff, a New York City-based, animal free, material innovation studio and outerwear brand.</p>', '/storage/uploads/2024/01/15/milo-weiler-1AIYdIb3O5M-unsplash.jpg', '2024-01-15 07:59:04', '2024-01-15 07:59:04'),
(3, '\'Appalling Abuse\': Largest Ever Undercover Investigation Exposes Cruelty In The Fur Industry', '<p><img alt=\"\" src=\"https://images.squarespace-cdn.com/content/v1/5a9c54e875f9eef8f485bcfa/da6b2745-8f7a-4ad8-be2b-24bdec296d81/Latvia+-++-+DSC01438.jpg+copy.jpg\" style=\"height:533px; width:800px\" /></p>\r\n\r\n<p>Credit: Otwarte Klatki</p>\r\n\r\n<p>Animal rights investigators have published images and footage from more than 100 fur farms across Europe, revealing mink, foxes, and raccoon dogs suffering in cruel conditions. This is the largest-ever investigation of its kind into the European fur industry, which has spent decades fighting to conceal the reality of its facilities where animals are raised for pelts.</p>\r\n\r\n<p>The expos&eacute; &lsquo;<a href=\"https://oikeuttaelaimille.fi/laaja-tutkimus-salakuvat-kuuden-eu-maan-turkistarhoilta-jarkyttavat/\" target=\"_blank\">&#39;This is Fur Farming in the EU&#39; </a>shows multiple cruelty and health violations at farms in Finland, Poland, Lithuania, Latvia, Spain, and Denmark between April and November of 2023.&nbsp;</p>\r\n\r\n<p>The undercover images and photographs, obtained by Finnish animal rights group Oikeutta el&auml;imille and shared with global animal protection group Humane Society International (HSI), show animals trapped in cramped battery cages, with many suffering from cannibalism, self-mutilation, missing limbs, infected eyes, and maggot-infested wounds.&nbsp;</p>\r\n\r\n<p>&ldquo;Over the past decade, I have visited dozens of fur farms in Finland and elsewhere in the world, and the one common factor is the appalling welfare conditions under which the animals are standardly kept,&rdquo; said Kristo Muurimaa, campaigns director at Oikeutta el&auml;imille.&nbsp;</p>\r\n\r\n<p>&ldquo;It is extremely common to see abnormal behaviours, evidence of fighting, untreated injuries and even instances of cannibalism. I&rsquo;ve seen these poor conditions on fur farms certified as complying with the industry&rsquo;s voluntary animal welfare standards, demonstrating that this certification is not worth the paper it is written on,&rdquo; he added.</p>\r\n\r\n<p>While twenty European countries, including 15 Member States, have implemented bans, an estimated 10 million animals are still being bred and killed across the continent for their fur industry every year. Worldwide that number jumps to 100 million animals.</p>\r\n\r\n<p>&nbsp;</p>\r\n\r\n<p>The investigation was released when the European Union was considering its response to a petition calling on the European Commission to ban fur farming and prohibit the placing of fur products on the European market.&nbsp;</p>\r\n\r\n<p>However, despite the petition receiving over 1.5 million signatures, the European Commission refused to deliver a legislative proposal to prohibit fur farming at an EU level and delayed its decision to propose a ban until 2026.</p>\r\n\r\n<p>&ldquo;Irrespective of fur industry claims about welfare, each and every fur farm investigation in recent times consistently shows chronically stressed animals living under appalling conditions,&rdquo; said Dr. Joanna Swabe, senior director of public affairs for Humane Society International/Europe (HSI) in response to the European Commission&rsquo;s decision.&nbsp;</p>\r\n\r\n<p>&ldquo;Stereotypical behaviours, self-mutilation, untreated wounds and even cannibalism are tragically common horrors on European fur farms. The Commission&rsquo;s failure to deliver a ban today is inexcusable and condemns millions of sentient animals to lives not worth living on the EU&rsquo;s remaining fur farms,&rdquo; she added.</p>\r\n\r\n<p><img alt=\"\" src=\"https://images.squarespace-cdn.com/content/v1/5a9c54e875f9eef8f485bcfa/101d65d9-7b9c-4743-9125-95de483241bd/Poland+-+Otwarte+Klatki+-+Andrew+Skowron+-+DI2A6095.jpg+copy.jpg\" style=\"height:540px; width:800px\" /></p>\r\n\r\n<p>Credit: Otwarte Klatki/Andrew Skowron</p>\r\n\r\n<h2>Pandemic Risks</h2>\r\n\r\n<p>Public health concerns associated with fur farms have increased since the COVID-19 pandemic, due to minks being highly susceptible to the virus and can transmit mutated forms of it back to humans.</p>\r\n\r\n<p>Earlier this year, virologists from Imperial College London&rsquo;s Department of Infectious Disease warned of the public health threat posed by the global fur trade, after outbreaks of avian flu (H5N1) on mink and fox fur farms in Spain and Finland increased fears that fur farms could act as reservoirs of zoonotic diseases.&nbsp;</p>\r\n\r\n<p>An <a href=\"https://www.pnas.org/doi/10.1073/pnas.2303408120\" target=\"_blank\">article</a> published in the scientific journal Proceedings of the National Academy of Sciences warns that mink farming poses a risk for the emergence of future disease outbreaks and should be considered in the same risk level category as the bushmeat trade and live animal markets.</p>\r\n\r\n<p>&ldquo;In this day and age, it is reprehensible that we are still keeping and killing animals solely for their fur,&rdquo; said Tilly Metz MEP (Greens/EFA) and President of the European Parliament&rsquo;s Intergroup on the Welfare and Conservation of Animals. &ldquo;This is a cruel and unnecessary practice, which&mdash;as we have seen in recent years with outbreaks of the SARS-CoV-2 and HPAI [highly pathogenic avian influenza] viruses on fur farms&mdash;also poses a serious threat to public health.&rdquo;&nbsp;</p>\r\n\r\n<h2>Solutions For Change</h2>\r\n\r\n<p>Many major fashion brands including Armani, Kering, Moncler, Prada, Valentino, Versace Gucci, Michael Kors, Burberry, Dolce &amp; Gabbana, and Moncler have removed fur from their collections in favor of more ethical and eco-conscious materials, while the former CEO of the Fur Trade Association has <a href=\"https://www.speciesunite.com/news-stories/former-ceo-of-fur-trade-association-denounces-trade-and-calls-for-ban\">denounced</a> the animal cruelty inherent in the fur trade as &ldquo;indefensible&rdquo;.</p>\r\n\r\n<p>Designers are increasingly turning to next-gen (animal-free, high-performance, and sustainable) materials in place of animal fur. Recent examples include the New York City-based material innovation studio and outerwear brand<a href=\"https://www.speciesunite.com/podcast/kym-canter\"> House of Fluff</a> which has developed BIOFUR, a biodegradable animal-free fur, while<a href=\"https://www.collectivefashionjustice.org/fur-alternatives\"> </a>Ecopel produces <a href=\"https://www.ecopel.com/koba---bio-based-faux-fur.html\">KOBA</a>, a bio-based fur made from oil from vegetable crops.&nbsp;</p>\r\n\r\n<h2>Take Action</h2>\r\n\r\n<p>Join Species Unite in urging Congress to pass H.R.3783, the Mink: Vectors for Infection Risk in the United States Act (Mink VIRUS Act). <a href=\"https://www.speciesunite.com/mink-fur-petition\">Add your name to our petition here</a>.&nbsp;</p>\r\n\r\n<p>Join Species Unite today in calling on Max Mara to end their sale of fur -<a href=\"https://www.speciesunite.com/max-mara-fur-petition#:~:text=An%20investigation%20into%20the%20farms,which%20grows%20over%20their%20eyes.\"> add your name to our petition here</a> and read more about why we&rsquo;re calling on the fashion giant to switch to cruelty-free alternatives <a href=\"https://www.speciesunite.com/news-stories/fur-is-dead-so-why-hasnt-max-mara-banned-it-yet\">here</a>.</p>\r\n\r\n<p>Learn more about the future of animal-free fur, and listen to our<a href=\"https://www.speciesunite.com/podcast/kym-canter\"> Species Unite podcast episode with Kym Canter</a>, the founder and creative director at House of Fluff, a New York City-based, animal-free, material innovation studio and outerwear brand.</p>', '/storage/uploads/2024/01/15/95a317d76ea509acb0ce0a94b77d68ed.webp', '2024-01-15 08:02:19', '2024-01-15 08:02:19');

-- --------------------------------------------------------

--
-- Table structure for table `products`
--

CREATE TABLE `products` (
  `id` bigint UNSIGNED NOT NULL,
  `name` varchar(255) CHARACTER SET utf8mb4 COLLATE utf8mb4_unicode_ci NOT NULL,
  `description` text CHARACTER SET utf8mb4 COLLATE utf8mb4_unicode_ci NOT NULL,
  `content` longtext CHARACTER SET utf8mb4 COLLATE utf8mb4_unicode_ci NOT NULL,
  `menu_id` bigint UNSIGNED NOT NULL,
  `price` float NOT NULL,
  `price_sale` float NOT NULL,
  `active` int NOT NULL,
  `created_at` timestamp NULL DEFAULT NULL,
  `updated_at` timestamp NULL DEFAULT NULL,
  `thumb` varchar(255) CHARACTER SET utf8mb4 COLLATE utf8mb4_unicode_ci NOT NULL
) ENGINE=InnoDB DEFAULT CHARSET=utf8mb4 COLLATE=utf8mb4_unicode_ci;

--
-- Dumping data for table `products`
--

INSERT INTO `products` (`id`, `name`, `description`, `content`, `menu_id`, `price`, `price_sale`, `active`, `created_at`, `updated_at`, `thumb`) VALUES
(1, 'Rọ mõm chó mõm ngắn PAW nhiều kích cỡ', 'Rọ mõm chó mõm ngắn PAW nhiều kích cỡ phù hợp cho các giống chó: Pug, Bull Pháp, Bull Anh, Boxer, Bắc Kinh, Nhật…', '<p>&nbsp;</p>\r\n\r\n<h2>Lợi &iacute;ch ch&iacute;nh</h2>\r\n\r\n<ul>\r\n	<li>Rọ m&otilde;m ch&oacute; m&otilde;m ngắn được l&agrave;m từ lưới tho&aacute;ng kh&iacute; đem lại cảm gi&aacute;c thật thoải m&aacute;i khi đeo v&agrave; cấu tr&uacute;c chất liệu nylon bền</li>\r\n	<li>Quai bấm điều chỉnh v&agrave; sử dụng dễ d&agrave;ng</li>\r\n	<li>M&agrave;u sắc đơn giản với thiết kế tinh tế</li>\r\n	<li>Đảm bảo an to&agrave;n cho những người xung quanh khi bạn đưa c&uacute;n y&ecirc;u đến những nơi c&ocirc;ng cộng</li>\r\n</ul>\r\n\r\n<h2>K&iacute;ch thước</h2>\r\n\r\n<p>Sử dụng d&acirc;y đo mềm để đo chu vi đầu của ch&uacute; ch&oacute;. K&eacute;o d&acirc;y đo từ cằm v&ograve;ng quanh sau tai. Trước khi x&aacute;c định chu vi k&iacute;ch thước chuẩn, h&atilde;y đặt ng&oacute;n tay của bạn v&agrave;o d&acirc;y đo để đảm bảo ch&uacute; ch&oacute; của bạn thoải m&aacute;i.&nbsp;H&atilde;y lưu &yacute; rằng c&oacute; nhiều giống ch&oacute; với cấu tr&uacute;c đầu v&agrave; mặt kh&aacute;c nhau. Tốt nhất bạn h&atilde;y cho th&uacute; cưng qua cửa h&agrave;ng để thử rọ m&otilde;m ph&ugrave; hợp nhất.</p>\r\n\r\n<ul>\r\n	<li>Size S: 23 &ndash; 31cm.</li>\r\n	<li>Size M: 28 &ndash; 43cm.</li>\r\n	<li>Size L: 38 &ndash; 64cm.</li>\r\n	<li>Size XL: 46 &ndash; 64cm.</li>\r\n</ul>', 6, 230000, 220000, 1, '2023-09-24 02:35:54', '2023-10-16 21:39:59', '/storage/uploads/2023/10/17/ro-mom-cho-cho-mom-ngan-paw-nhieu-kich-co-400x400.webp'),
(2, 'Rọ mõm chó bằng da HAND IN HAND Dog Muzzle', 'Rọ mõm cho chó bằng da HAND IN HAND Dog Muzzle là sản phẩm dành cho tất cả giống chó.', '<p>&nbsp;</p>\r\n\r\n<h2>Lợi &iacute;ch ch&iacute;nh</h2>\r\n\r\n<ul>\r\n	<li>Rọ m&otilde;m ch&oacute; tho&aacute;ng kh&iacute; với chất liệu giả da mềm mại an to&agrave;n cho vật nu&ocirc;i.</li>\r\n	<li>Sản phẩm với thiết kế an to&agrave;n hạn chế th&oacute;i quen ăn bậy v&agrave; liếm bẩn của th&uacute; cưng.</li>\r\n	<li>Ho&agrave;n to&agrave;n c&oacute; thể cho th&uacute; cưng thở thoải m&aacute;i v&agrave; uống nước khi đeo.</li>\r\n</ul>\r\n\r\n<h2>K&iacute;ch thước</h2>\r\n\r\n<ul>\r\n	<li>Size XS &ndash; Cho ch&oacute; c&oacute; đường k&iacute;nh mũi khoảng 10cm th&iacute;ch hợp cho ch&oacute; c&oacute; trọng lượng 3 &ndash; 6kg như: Poodle, Phốc, Chihuahua&hellip;</li>\r\n	<li>Size S &ndash; Cho ch&oacute; c&oacute; đường k&iacute;nh mũi khoảng 12cm th&iacute;ch hợp cho ch&oacute; c&oacute; trọng lượng 6 &ndash; 11kg như: Lạp xưởng, Schnauzer&hellip;</li>\r\n	<li>Size M &ndash; Cho ch&oacute; c&oacute; đường k&iacute;nh mũi khoảng 15cm th&iacute;ch hợp cho ch&oacute; c&oacute; trọng lượng 11 &ndash; 22kg như: Cocker, Border Collie, Corgi&hellip;</li>\r\n	<li>Size L &ndash; Cho ch&oacute; c&oacute; đường k&iacute;nh mũi khoảng 17cm th&iacute;ch hợp cho ch&oacute; c&oacute; trọng lượng 22 &ndash; 27kg như: Alaskan, Husky, Samoyed, Collie&hellip;</li>\r\n	<li>Size XL &ndash; Cho ch&oacute; c&oacute; đường k&iacute;nh mũi khoảng 20cm th&iacute;ch hợp cho ch&oacute; c&oacute; trọng lượng 27 &ndash; 36kg như: Doberman, Rott, Chow Chow, Đốm&hellip;</li>\r\n	<li>Size 2XL &ndash; Cho ch&oacute; c&oacute; đường k&iacute;nh mũi khoảng 24cm th&iacute;ch hợp cho ch&oacute; c&oacute; trọng lượng 36 &ndash; 45kg như: Golden, Labrado, Akita, Becgie&hellip;</li>\r\n</ul>\r\n\r\n<p>Ch&uacute; &yacute;, khi đeo rọ m&otilde;m ch&oacute; vẫn cần phải gi&aacute;m s&aacute;t ch&oacute; cưng. Kh&ocirc;ng d&ugrave;ng rọ m&otilde;m cho ch&oacute; qu&aacute; 20 ph&uacute;t mỗi lần.&nbsp;Việc sử dụng l&acirc;u d&agrave;i hoặc sử dụng rọ m&otilde;m kh&ocirc;ng đ&uacute;ng c&aacute;ch c&oacute; thể ảnh hưởng đến việc thở hoặc khả năng tự l&agrave;m m&aacute;t tự nhi&ecirc;n của ch&oacute;.</p>', 6, 75000, 60000, 1, '2023-09-24 02:36:35', '2023-10-16 21:38:58', '/storage/uploads/2023/10/17/ro-mom-cho-cho-gia-da-hand-in-hand-dog-muzzle-400x400.webp'),
(3, 'Rọ mõm chó hình mỏ vịt PAW Aduck', 'Rọ mõm chó hình mỏ vịt PAW Aduck là sản phẩm dành cho tất cả giống chó.', '<p>&nbsp;</p>\r\n\r\n<h2>Lợi &iacute;ch ch&iacute;nh</h2>\r\n\r\n<ul>\r\n	<li>Rọ m&otilde;m ch&oacute; h&igrave;nh mỏ vịt PAW Aduck được sản xuất từ nhựa silic mềm, m&agrave;u sắc đẹp. Kh&ocirc;ng độc kh&ocirc;ng c&oacute; m&ugrave;i lạ</li>\r\n	<li>Thiết kế gia c&ocirc;ng khu&ocirc;n m&aacute;y (CNC) độ ch&iacute;nh x&aacute;c cao</li>\r\n	<li>Rọ m&otilde;m ch&oacute; h&igrave;nh mỏ vịt PAW Aduck được sản xuất với chất lượng nguy&ecirc;n liệu v&agrave; độ to nhỏ đều th&ocirc;ng qua thử nghiệm nghi&ecirc;m ngặt</li>\r\n	<li>Với thiết kế tay mở dễ d&agrave;ng, m&agrave;u sắc v&agrave; độ to nhỏ l&agrave; một sự thống nhất h&agrave;i h&ograve;a với d&acirc;y đai</li>\r\n	<li>D&acirc;y đai cố định của rọ m&otilde;m mỏ vịt cho ch&oacute; Aduck ch&iacute;nh h&atilde;ng sử dụng nylon kh&aacute;ng khuẩn định chế, si&ecirc;u bền chống bị cắn hỏng</li>\r\n	<li>C&aacute;c hạt bề mặt đai cũng nổi l&ecirc;n r&otilde; r&agrave;ng, chống trơn kh&ocirc;ng d&iacute;nh l&ocirc;ng, kh&aacute;ng khuẩn loại bỏ mồ h&ocirc;i nhanh ch&oacute;ng</li>\r\n	<li>Tr&aacute;nh việc ma s&aacute;t tr&ecirc;n diện t&iacute;ch lớn v&agrave; kh&ocirc;ng k&iacute;n kh&iacute; tr&aacute;nh việc h&igrave;nh th&agrave;nh vi khuẩn g&acirc;y c&aacute;c bệnh về da cho ch&oacute;.</li>\r\n</ul>\r\n\r\n<h2>K&iacute;ch thước</h2>\r\n\r\n<ul>\r\n	<li>Size S: 12cm x 27cm.</li>\r\n	<li>Size M: 15cm x 33cm.</li>\r\n	<li>Size L: 16cm x 35cm.</li>\r\n</ul>', 6, 75000, 70000, 1, '2023-09-24 02:37:14', '2023-10-16 21:37:49', '/storage/uploads/2023/10/17/ro-mom-cho-hinh-mo-vit-paw-aduck-400x400.webp'),
(4, 'Quần áo cho chó mèo AMBABY PET 2JXF247', 'Quần áo cho chó mèo AMBABY PET 2JXF247 là sản phẩm dành cho cả chó và mèo.', '<p>&nbsp;</p>\r\n\r\n<h2>Lợi &iacute;ch ch&iacute;nh</h2>\r\n\r\n<ul>\r\n	<li>Quần &aacute;o cho ch&oacute; m&egrave;o AMBABY PET 2JXF247 sẽ l&agrave;m cho th&uacute; cưng trở n&ecirc;n s&agrave;nh điệu v&agrave; xinh xắn</li>\r\n	<li>Sản phẩm được thiết kế với chất liệu cotton v&agrave; gia c&ocirc;ng tỉ mỉ</li>\r\n	<li>Kiểu d&aacute;ng dễ mặc, dễ vận động đem đến sự thoải m&aacute;i cho ch&oacute; m&egrave;o</li>\r\n	<li>C&oacute; nhiều k&iacute;ch cỡ cho bạn lựa chọn ph&ugrave; hợp như XS, S, M, L, XL</li>\r\n</ul>', 6, 55000, 50000, 1, '2023-09-26 06:58:22', '2023-10-16 21:36:45', '/storage/uploads/2023/10/17/quan-ao-cho-cho-meo-ambaby-pet-2jxf247-400x400.webp'),
(5, 'Yếm cho chó mèo kèm dây dắt AMBABY PET 1JXS004', 'Yếm cho chó mèo kèm dây dắt AMBABY PET 1JXS004 là sản phẩm dành cho tất cả giống chó và mèo.', '<h1>&nbsp;</h1>\r\n\r\n<h2>Lợi &iacute;ch ch&iacute;nh</h2>\r\n\r\n<ul>\r\n	<li>Yếm cho ch&oacute; m&egrave;o k&egrave;m d&acirc;y dắt AMBABY PET 1JXS004 được thiết kế m&agrave;u sắc năng động, hợp thời trang</li>\r\n	<li>Th&uacute; cưng của bạn sẽ được ch&uacute; &yacute;, thu h&uacute;t từ &aacute;nh mắt của mọi người</li>\r\n	<li>Chất liệu vải cao cấp tuyệt đối kh&ocirc;ng ảnh hưởng đến sức khỏe của ch&oacute; m&egrave;o</li>\r\n	<li>Bạn cũng c&oacute; thể điều chỉnh chiều d&agrave;i ngực ph&ugrave; hợp với k&iacute;ch thước của th&uacute; cưng</li>\r\n</ul>', 6, 250000, 240000, 1, '2023-09-26 06:59:11', '2023-10-16 21:35:51', '/storage/uploads/2023/10/17/yem-cho-cho-meo-kem-day-dat-ambaby-pet-1jxs004-400x400.webp'),
(6, 'Mũ cho chó mèo AMBABY PET 1JXS040', 'Mũ cho chó mèo AMBABY PET 1JXS040 là sản phẩm dành cho tất cả giống chó và mèo.', '<p>&nbsp;</p>\r\n\r\n<h2>Lợi &iacute;ch ch&iacute;nh</h2>\r\n\r\n<ul>\r\n	<li>Mũ cho ch&oacute; m&egrave;o AMBABY PET 1JXS040 sẽ l&agrave;m cho th&uacute; cưng trở n&ecirc;n s&agrave;nh điệu v&agrave; xinh xắn</li>\r\n	<li>Sản phẩm được thiết kế v&agrave; gia c&ocirc;ng tỉ mỉ đem đến sự thoải m&aacute;i cho ch&oacute; m&egrave;o</li>\r\n	<li>Chất liệu vải cao cấp tuyệt đối kh&ocirc;ng ảnh hưởng đến sức khỏe của th&uacute; cưng</li>\r\n	<li>C&oacute; nhiều k&iacute;ch cỡ cho bạn lựa chọn ph&ugrave; hợp như L, XL, XXL.</li>\r\n</ul>', 6, 15000, 14000, 1, '2023-09-23 19:35:54', '2023-10-16 21:35:13', '/storage/uploads/2023/10/17/mu-cho-cho-meo-ambaby-pet-1jxs040-400x400.webp'),
(7, 'Mũ cho chó mèo AMBABY PET 1JXS008', 'Mũ cho chó mèo AMBABY PET 1JXS008 là sản phẩm dành cho tất cả giống chó và mèo.', '<p>&nbsp;</p>\r\n\r\n<h2>Lợi &iacute;ch ch&iacute;nh</h2>\r\n\r\n<ul>\r\n	<li>Mũ cho ch&oacute; m&egrave;o AMBABY PET 1JXS008 sẽ l&agrave;m cho th&uacute; cưng trở n&ecirc;n s&agrave;nh điệu v&agrave; xinh xắn</li>\r\n	<li>Sản phẩm được thiết kế v&agrave; gia c&ocirc;ng tỉ mỉ đem đến sự thoải m&aacute;i cho ch&oacute; m&egrave;o</li>\r\n	<li>Chất liệu vải cao cấp tuyệt đối kh&ocirc;ng ảnh hưởng đến sức khỏe của th&uacute; cưng</li>\r\n	<li>C&oacute; nhiều k&iacute;ch cỡ cho bạn lựa chọn ph&ugrave; hợp như L, XL, XXL.</li>\r\n</ul>', 6, 23000, 22000, 1, '2023-09-23 19:36:35', '2023-10-16 21:34:09', '/storage/uploads/2023/10/17/mu-cho-cho-meo-ambaby-pet-1jxs008-400x400.webp'),
(8, 'Mũ cho chó mèo AMBABY PET 1JXS071', 'Mũ cho chó mèo AMBABY PET 1JXS071 là sản phẩm dành cho tất cả giống chó và mèo.', '<p>&nbsp;</p>\r\n\r\n<h2>Lợi &iacute;ch ch&iacute;nh</h2>\r\n\r\n<ul>\r\n	<li>Mũ cho ch&oacute; m&egrave;o AMBABY PET 1JXS071 sẽ l&agrave;m cho th&uacute; cưng trở n&ecirc;n s&agrave;nh điệu v&agrave; xinh xắn</li>\r\n	<li>Sản phẩm được thiết kế v&agrave; gia c&ocirc;ng tỉ mỉ đem đến sự thoải m&aacute;i cho ch&oacute; m&egrave;o</li>\r\n	<li>Chất liệu vải cao cấp tuyệt đối kh&ocirc;ng ảnh hưởng đến sức khỏe của th&uacute; cưng</li>\r\n	<li>C&oacute; nhiều k&iacute;ch cỡ cho bạn lựa chọn ph&ugrave; hợp như L, XL, XXL.</li>\r\n</ul>', 6, 150000, 140000, 1, '2023-09-23 19:37:14', '2023-10-16 21:33:00', '/storage/uploads/2023/10/17/mu-cho-cho-meo-ambaby-pet-1jxs071-400x400.webp'),
(9, 'Quần áo cho chó mèo AMBABY PET 2JXF216', 'Quần áo cho chó mèo AMBABY PET 2JXF216 là sản phẩm dành cho cả chó và mèo', '<p>.</p>\r\n\r\n<h2>Lợi &iacute;ch ch&iacute;nh</h2>\r\n\r\n<ul>\r\n	<li>Quần &aacute;o cho ch&oacute; m&egrave;o AMBABY PET 2JXF216 sẽ l&agrave;m cho th&uacute; cưng trở n&ecirc;n s&agrave;nh điệu v&agrave; xinh xắn</li>\r\n	<li>Sản phẩm được thiết kế với chất liệu cotton v&agrave; gia c&ocirc;ng tỉ mỉ</li>\r\n	<li>Kiểu d&aacute;ng dễ mặc, dễ vận động đem đến sự thoải m&aacute;i cho ch&oacute; m&egrave;o</li>\r\n	<li>C&oacute; nhiều k&iacute;ch cỡ cho bạn lựa chọn ph&ugrave; hợp như XS, S, M, L, XL</li>\r\n</ul>', 6, 180000, 170000, 1, '2023-09-25 23:58:22', '2023-10-16 21:31:28', '/storage/uploads/2023/10/17/quan-ao-cho-cho-meo-ambaby-pet-2jxf216-400x400.webp'),
(10, 'Tã bỉm cho chó mèo đực DONO XSmall', 'Tã bỉm cho chó mèo đực DONO XSmall với 14 miếng, phù hợp với các giống chó mèo có cân nặng 2 – 3kg. Kích thước: 22 – 40cm.', '<h1>&nbsp;</h1>\r\n\r\n<h2>Lợi &iacute;ch ch&iacute;nh</h2>\r\n\r\n<p>T&atilde; bỉm cho ch&oacute; m&egrave;o đực DONO với thiết kế đặc biệt b&ecirc;n trong chứa chất kh&aacute;ng khuẩn cao, c&oacute; thể duy tr&igrave; trong thời gian d&agrave;i khử m&ugrave;i h&ocirc;i v&agrave; c&aacute;c m&ugrave;i lạ. Đặc biệt duy tr&igrave; vấn đề đi vệ sinh của th&uacute; cưng trong nh&agrave; sạch sẽ, c&oacute; đầy đủ c&aacute;c k&iacute;ch thước kh&aacute;c nhau d&agrave;nh cho tất cả c&aacute;c giống ch&oacute; từ nhỏ tới lớn.</p>\r\n\r\n<p>Bỉm d&agrave;nh cho ch&oacute; đực khi c&aacute;c b&eacute; chưa biết đi vệ sinh đ&uacute;ng chỗ. Khi đi du lịch, đi qua chỗ lạ&hellip; Chó đ&ecirc;́n ngày đ&ocirc;̣ng đực, đ&ecirc;́n kỳ sa lơ, chó đang bị các b&ecirc;̣nh v&ecirc;̀ ti&ecirc;u hóa, ph&acirc;n lỏng. Bỉm quấn quanh v&ograve;ng bụng, quấn qua bộ phận đi tiểu tiện của th&uacute; cưng. Si&ecirc;u thấm h&uacute;t v&agrave; kh&ocirc; r&aacute;o, kh&ocirc;ng g&acirc;y ẩm v&agrave; vi&ecirc;m da v&ugrave;ng được quấn tả, 1 miếng c&oacute; thể x&agrave;i 1 ng&agrave;y, nếu kỹ th&igrave; 1 miếng d&ugrave;ng khoảng 10 tiếng.</p>', 6, 105000, 100000, 1, '2023-09-25 23:59:11', '2023-10-16 21:29:55', '/storage/uploads/2023/10/17/ta-bim-cho-cho-meo-duc-dono-xsmall.jpg'),
(11, 'Tã bỉm cho chó mèo cái 4-8kg PAW Female Pet Diapers M', 'Tã bỉm cho chó mèo cái 4-8kg PAW Female Pet Diapers M là sản phẩm chăm sóc vệ sinh cho thú cưng giới tính cái. Với thiết kế siêu mỏng và siêu khô, sản phẩm sử dụng công nghệ chống rò rỉ, giúp thú cưng luôn khô ráo và thoải mái. Phù hợp với các giống chó mèo nhỡ có trọng lượng từ 8 đến 14kg.', '<p>&nbsp;</p>\r\n\r\n<h2>Lợi &iacute;ch ch&iacute;nh</h2>\r\n\r\n<p>PAW Female Pet Diapers M c&oacute; thiết kế 360 độ co gi&atilde;n, gi&uacute;p t&atilde; bỉm vừa vặn v&agrave; kh&ocirc;ng g&acirc;y kh&oacute; chịu cho th&uacute; cưng. Với vật liệu đa lớp bao gồm: vải kh&ocirc;ng dệt, gỗ pulp, polyme h&uacute;t ẩm, phủ PE v&agrave; vải cotton ấm &aacute;p. Sản phẩm gi&uacute;p khử m&ugrave;i v&agrave; kh&ocirc;ng g&acirc;y k&iacute;ch ứng cho da th&uacute; cưng.</p>\r\n\r\n<p>Sử dụng c&ocirc;ng nghệ chống tr&agrave;n, gi&uacute;p loại bỏ bất kỳ lượng nước tiểu n&agrave;o của ch&oacute; m&egrave;o thải ra ngo&agrave;i. Sản phẩm c&oacute; khả năng chống tr&agrave;n v&agrave; chịu lực tốt, kh&ocirc;ng dễ bị r&aacute;ch hay bị tr&agrave;n nước.</p>\r\n\r\n<p>T&atilde; bỉm cho ch&oacute; m&egrave;o c&aacute;i 4-8kg PAW Female Pet Diapers M l&agrave; giải ph&aacute;p tiện lợi v&agrave; hiệu quả cho việc vệ sinh th&uacute; cưng trong nh&agrave;, khi đi du lịch hoặc trong c&aacute;c hoạt động ngo&agrave;i trời. Sản phẩm dễ d&agrave;ng thay thế v&agrave; c&oacute; thể gắn k&egrave;m với c&aacute;c loại quần &aacute;o cho th&uacute; cưng.</p>\r\n\r\n<h2>Hướng dẫn sử dụng</h2>\r\n\r\n<table>\r\n	<tbody>\r\n		<tr>\r\n			<td><strong>K&iacute;ch thước</strong></td>\r\n			<td><strong>XXS</strong></td>\r\n			<td><strong>XS</strong></td>\r\n			<td><strong>S</strong></td>\r\n			<td><strong>M</strong></td>\r\n			<td><strong>L</strong></td>\r\n			<td><strong>XL</strong></td>\r\n		</tr>\r\n		<tr>\r\n			<td>V&ograve;ng eo (cm)</td>\r\n			<td>34-41</td>\r\n			<td>35-53</td>\r\n			<td>35-56</td>\r\n			<td>38-61</td>\r\n			<td>40-73</td>\r\n			<td>42-81</td>\r\n		</tr>\r\n		<tr>\r\n			<td>C&acirc;n nặng (kg)</td>\r\n			<td>1-2</td>\r\n			<td>2-3</td>\r\n			<td>3-4</td>\r\n			<td>4-8</td>\r\n			<td>6-17</td>\r\n			<td>15-26</td>\r\n		</tr>\r\n	</tbody>\r\n</table>\r\n\r\n<p>Với 10 miếng trong một bịch v&agrave; k&iacute;ch thước ph&ugrave; hợp cho cả ch&oacute; v&agrave; m&egrave;o.</p>', 6, 15000, 14000, 1, '2023-09-23 19:35:54', '2023-10-16 21:28:11', '/storage/uploads/2023/10/17/ta-bim-cho-cho-meo-cai-8-14kg-paw-female-pet-diapers-m-400x400.webp'),
(12, 'Miếng lót cho chó đi vệ sinh IRIS OHYAMA Clean Pet Sheets CPS-88', 'Miếng lót cho chó đi vệ sinh IRIS OHYAMA Clean Pet Sheets CPS-88 được dùng cho tất cả các giống chó. Cả bịch nguyên có 88 miếng.\r\n\r\nMiếng lót IRIS là một sản phẩm chất lượng cao được thiết kế đặc biệt để giúp cho việc vệ sinh cho chó trở nên dễ dàng hơn. Sản phẩm được làm từ vật liệu chất lượng, không gây kích ứng da và thân thiện với môi trường. Miếng lót này có khả năng thấm hút tối đa, giúp cho chất lỏng và mùi hôi không bị lan ra ngoài. Đặc biệt, sản phẩm có thiết kế chống tràn, giúp ngăn chặn tình trạng chất lỏng tràn ra khỏi miếng lót.\r\n\r\nĐược thiết kế với kích thước lớn, đảm bảo đủ diện tích cho chó vệ sinh một cách thoải mái. Sản phẩm có thể dùng cho các loại chó nhỏ và trung bình, từ chó con đến chó trưởng thành. Sản phẩm có thể sử dụng trong nhà hoặc ngoài trời, rất tiện lợi cho các gia đình không có điều kiện để đưa chó đi ra ngoài. Với miếng lót IRIS Clean Pet Sheets, việc vệ sinh cho chó trở nên đơn giản hơn bao giờ hết.', '<p>&nbsp;</p>\r\n\r\n<h2>Lợi &iacute;ch ch&iacute;nh</h2>\r\n\r\n<p>Miếng l&oacute;t cho ch&oacute; đi vệ sinh IRIS OHYAMA Clean Pet Sheets CPS-88 c&oacute; khả năng thấm h&uacute;t si&ecirc;u nhanh. Sản phẩm c&oacute; t&iacute;nh kh&aacute;ng khuẩn rất cao, an to&agrave;n cho th&uacute; cưng của bạn. Được sử dụng 100% bằng bột giấy gi&uacute;p ngăn ngừa được nước tiểu vung v&atilde;i ra khỏi tấm l&oacute;t. V&agrave; m&ugrave;i h&ocirc;i kh&oacute; chịu được ngăn chặn một tr&aacute;ch triệt để.</p>\r\n\r\n<ul>\r\n	<li>K&iacute;ch thước 1 miếng khi mở ra: 33 x 44cm</li>\r\n	<li>K&iacute;ch thước cả bao: 31.5 x 14 x 39cm</li>\r\n	<li>Trọng lượng cả bao: 2.7kg</li>\r\n</ul>', 6, 23000, 22000, 1, '2023-09-23 19:36:35', '2023-10-16 21:27:10', '/storage/uploads/2023/10/17/mieng-lot-cho-cho-di-ve-sinh-iris-clean-pet-sheets-cps88-400x400.webp'),
(13, 'Pate cho chó vị thịt bò IRIS OHYAMA One Care Beef', 'Pate cho chó vị thịt bò IRIS OHYAMA One Care Beef là sản phẩm dành cho tất cả giống chó. Với thành phần hoàn toàn từ tự nhiên và thịt bò.', '<p>&nbsp;</p>\r\n\r\n<h2>Lợi &iacute;ch ch&iacute;nh</h2>\r\n\r\n<ul>\r\n	<li>Đặc biệt với c&ocirc;ng thức chế biến ri&ecirc;ng tạo n&ecirc;n khẩu phần ăn ngon miệng cho th&uacute; cưng.</li>\r\n	<li>Bổ sung Protein đảm bảo một sức khỏe to&agrave;n diện hơn.</li>\r\n	<li>Tạo n&ecirc;n cảm gi&aacute;c th&egrave;m ăn cho c&uacute;n cưng.</li>\r\n	<li>Pate cho ch&oacute; vị thịt b&ograve; IRIS One Care Beef l&agrave;m h&agrave;i l&ograve;ng cả những ch&uacute; ch&oacute; k&eacute;n ăn nhất.</li>\r\n</ul>\r\n\r\n<h2>Th&agrave;nh phần dinh dưỡng</h2>\r\n\r\n<p>Pate cho ch&oacute; vị thịt b&ograve; IRIS OHYAMA One Care Beef bao gồm c&aacute;c th&agrave;nh phần như thịt g&agrave;, thịt b&ograve;, c&agrave; rốt, đậu h&agrave; lan, gạo.</p>', 12, 35000, 28000, 1, '2023-09-23 19:37:14', '2023-10-17 01:20:31', '/storage/uploads/2023/10/17/pate-cho-cho-vi-thit-bo-iris-one-care-beef100g-400x400.webp'),
(14, 'Lược chải lông chó mèo đầu lưỡi mềm BOBO Pet Comb', 'Lược chải lông chó mèo đầu lưỡi mềm BOBO Pet Comb sử dụng cho tất cả các giống cho mèo lông thẳng và lông xoăn.', '<p>&nbsp;</p>\r\n\r\n<h2>Lợi &iacute;ch ch&iacute;nh</h2>\r\n\r\n<p>Lược chải l&ocirc;ng ch&oacute; m&egrave;o đầu lưỡi mềm BOBO Pet Comb gi&uacute;p cho th&uacute; cưng nh&agrave; bạn c&oacute; bộ l&ocirc;ng đẹp ngay tại nh&agrave;. Với phần c&aacute;n bằng inox chắc chắn. Tay cầm vừa vặn c&oacute; lớp nhựa chống trơn trượt. Bạn c&oacute; thể dễ d&agrave;ng sử dụng, chải từng lớp l&ocirc;ng rối, rụng của th&uacute; cưng một c&aacute;ch hiệu quả. Loại bỏ hầu hết c&aacute;c phần l&ocirc;ng chết tr&ecirc;n cơ thể của c&uacute;n cưng. Kh&ocirc;ng g&acirc;y k&iacute;ch ứng da v&agrave; cảm gi&aacute;c kh&oacute; chịu. Phần răng</p>', 15, 55000, 50000, 1, '2023-09-25 23:58:22', '2023-10-17 01:18:58', '/storage/uploads/2023/10/17/luoc-chai-long-cho-meo-dau-luoi-mem-bobo-pet-comb7-400x400.webp'),
(15, 'Sữa tắm cho chó trị ve rận BBN Killing Mites Shampoo', 'Sữa tắm cho chó trị ve rận BBN Killing Mites Shampoo dành cho tất cả các giống chó.', '<h1>Lợi &iacute;ch ch&iacute;nh</h1>\r\n\r\n<p>Sữa tắm cho ch&oacute; trị ve rận BBN Killing Mites Shampoo&nbsp;đặc biệt tốt cho những ch&uacute; ch&oacute; bị ve v&agrave; nấm.&nbsp;Gi&uacute;p cơ thể c&uacute;n cưng tr&uacute;t bỏ c&aacute;c tế b&agrave;o da sần s&ugrave;i hoặc tế b&agrave;o chết.&nbsp;Dầu tự nhi&ecirc;n 100% gi&uacute;p l&agrave;m sạch s&acirc;u v&agrave; giữ ẩm cho l&ocirc;ng v&agrave; da ch&oacute; của bạn.&nbsp;Giảm men, nguồn thức ăn của ve tối đa.Tất cả dầu gội tự nhi&ecirc;n v&agrave; hữu cơ Pet Wash, c&ocirc;ng thức đặc biệt d&agrave;nh cho da kh&ocirc;, nhạy cảm, da v&agrave; l&ocirc;ng của ch&uacute; ch&oacute; của bạn. L&agrave; sản phẩm ho&agrave;n hảo cho những ch&uacute; ch&oacute; bị ngứa da do dị ứng hoặc da nhạy cảm. Khử m&ugrave;i v&agrave; gi&uacute;p l&agrave;m giảm nhiễm tr&ugrave;ng da do nấm v&agrave; vi khuẩn như vi&ecirc;m da &amp; vi&ecirc;m da mủ.</p>\r\n\r\n<p>H&agrave;m lượng chất Pectin cao hơn so với mức b&igrave;nh thường gi&uacute;p nhanh ch&oacute;ng bổ sung th&ecirc;m dinh dưỡng cho tế b&agrave;o l&ocirc;ng. Phục hồi hiệu quả sự đ&agrave;n hồi của l&ocirc;ng. H&agrave;m lượng chất xơ Pectin c&oacute; hiệu quả tối đa bảo vệ bề mặt l&ocirc;ng của vật nu&ocirc;i. L&agrave;m cho l&ocirc;ng kh&ocirc;ng bị ảnh hưởng bởi những t&aacute;c động xấu từ m&ocirc;i trường b&ecirc;n ngo&agrave;i. Gi&uacute;p cho l&ocirc;ng lu&ocirc;n giữ được m&agrave;u gốc v&agrave; s&aacute;ng b&oacute;ng.</p>\r\n\r\n<p>Sữa tắm cho ch&oacute; với th&agrave;nh phần chiết xuất hoa quả, chất b&eacute;o Jojoba. Vitamin C, A, B2, E v&agrave; rutin, axit amin tự do. Axit chlorogenic, dầu Glycine, mỡ l&ocirc;ng cừu, sợi th&ocirc; tế b&agrave;o dưa chuột, vitamin C, đường cam lộ&hellip; T&aacute;c dụng quan trọng: chống oxy h&oacute;a. Bổ sung nước cho l&ocirc;ng nhanh ch&oacute;ng. Chiết xuất từ hoa quả nhập khấu chống oxy h&oacute;a, chứa nhiều th&agrave;nh phần tự nhi&ecirc;n phenon, Axit tannic v&agrave; vitamin C, E, l&ocirc;ng hấp thụ nhanh nhất. Bổ sung th&agrave;nh phần nước cho l&ocirc;ng nhanh nhất.</p>', 6, 150000, 120000, 1, '2023-09-25 23:59:11', '2023-10-16 21:23:00', '/storage/uploads/2023/10/17/sua-tam-cho-cho-tri-ve-ran-bbn-killing-mites-shampoo-400x400.webp'),
(17, 'Sữa tắm cho chó lông trắng SPIRIT White Dog', 'Sữa tắm cho chó lông trắng SPIRIT White Dog như chó Poodle, Samoyel, Phốc sóc, Nhật…', '<p>&nbsp;</p>\r\n\r\n<h2>Lợi &iacute;ch ch&iacute;nh</h2>\r\n\r\n<p>Sữa tắm cho ch&oacute; l&ocirc;ng trắng SPIRIT White Dog c&oacute; c&ocirc;ng dụng phục hồi l&ocirc;ng bị hư tổn. L&agrave;m sạch l&ocirc;ng, khử m&ugrave;i h&ocirc;i. Gi&uacute;p bộ l&ocirc;ng b&oacute;ng mượt, kh&ocirc;ng bị rối, giảm rụng l&ocirc;ng. Cải thiện được m&agrave;u l&ocirc;ng trắng vốn c&oacute; cho th&uacute; cưng. Sản phẩm c&oacute; m&ugrave;i hương tự nhi&ecirc;n, kh&ocirc;ng g&acirc;y hại cho da. Lưu giữ m&agrave;u trắng cho l&ocirc;ng của th&uacute; cưng. Giữ ẩm v&agrave; tăng độ b&oacute;ng cho l&ocirc;ng. Phục hồi m&agrave;u trắng tự nhi&ecirc;n.</p>', 6, 15000, 14000, 1, '2023-09-23 19:35:54', '2023-10-16 21:21:43', '/storage/uploads/2023/10/17/sua-tam-cho-cho-long-trang-spirit-white-dog-400x400.webp'),
(18, 'Lồng vận chuyển chó mèo IRIS OHYAMA PDPC Dog-Cat Kennel', 'Lồng vận chuyển chó mèo IRIS OHYAMA PDPC Dog-Cat Kennel dùng để vận chuyển được cho tất cả các giống chó nhỏ và mèo có trọng lượng dưới 12kg.', '<p>&nbsp;</p>\r\n\r\n<h2>Lợi &iacute;ch ch&iacute;nh</h2>\r\n\r\n<p>Lồng vận chuyển ch&oacute; m&egrave;o IRIS OHYAMA PDPC Dog-Cat Kennel sản xuất theo ti&ecirc;u chuẩn Nhật Bản. Ph&iacute;a tr&ecirc;n c&oacute; tay cầm, tiện cho việc x&aacute;ch ch&oacute; m&egrave;o, di chuyển dễ d&agrave;ng. B&ecirc;n cạnh lồng c&oacute; cửa nhỏ để th&uacute; cưng dễ d&agrave;ng h&iacute;t thở v&agrave; lưu th&ocirc;ng kh&ocirc;ng kh&iacute; ở mọi nơi trong lồng. Rất an to&agrave;n khi sử dụng v&agrave; c&oacute; độ bền cao. Lồng IRIS PDPC c&oacute; thể mở được nắp ph&iacute;a tr&ecirc;n cho th&uacute; cưng. Đồng thời sản phẩm vừa c&oacute; thể x&aacute;ch tay hoặc đeo vai đa dạng.</p>\r\n\r\n<h2>K&iacute;ch thước</h2>\r\n\r\n<table>\r\n	<tbody>\r\n		<tr>\r\n			<td><strong>M&atilde; sản phẩm</strong></td>\r\n			<td><strong>K&iacute;ch thước</strong></td>\r\n			<td><strong>Ph&ugrave; hợp</strong></td>\r\n		</tr>\r\n		<tr>\r\n			<td>09122&nbsp;(PDPC500)</td>\r\n			<td>51 &times; 32 &times; 28.5 (cm)</td>\r\n			<td>Ch&oacute; m&egrave;o dưới 5kg</td>\r\n		</tr>\r\n		<tr>\r\n			<td>09123&nbsp;(PDPC600)</td>\r\n			<td>59 &times; 37.5 &times; 37 (cm)</td>\r\n			<td>Ch&oacute; m&egrave;o dưới 12kg</td>\r\n		</tr>\r\n	</tbody>\r\n</table>', 15, 23000, 22000, 1, '2023-09-23 19:36:35', '2023-10-17 01:18:15', '/storage/uploads/2023/10/17/long-van-chuyen-cho-meo-iris-pdpc-dog-cat-kennel-400x400.webp'),
(19, 'Súp thưởng cho mèo vị cá hồi IRIS OHYAMA Salmon Soup', 'Súp thưởng cho mèo vị cá hồi IRIS OHYAMA Salmon Soup dành cho tất cả các giống mèo trên 3 tháng tuổi.', '<p>&nbsp;</p>\r\n\r\n<h2>Lợi &iacute;ch ch&iacute;nh</h2>\r\n\r\n<ul>\r\n	<li>S&uacute;p thưởng cho m&egrave;o vị c&aacute; hồi IRIS OHYAMA Salmon Soup c&oacute; thể r&uacute;t ngắn khoảng c&aacute;ch giữa bạn v&agrave; th&uacute; cưng.</li>\r\n	<li>C&aacute;c loại thảo mộc v&agrave; ngũ cốc hỗn hợp tạo n&ecirc;n m&oacute;n ăn vừa ngon vừa bổ.</li>\r\n	<li>Tạo sự ngon miệng v&agrave; dễ ti&ecirc;u h&oacute;a.</li>\r\n	<li>C&acirc;n bằng dinh dưỡng, tươi ngon mỗi ng&agrave;y.</li>\r\n</ul>\r\n\r\n<h2>C&aacute;ch sử dụng</h2>\r\n\r\n<ul>\r\n	<li>Đối với m&egrave;o con: 1 &ndash; 2 g&oacute;i/ng&agrave;y.</li>\r\n	<li>Đối với m&egrave;o trưởng th&agrave;nh: 3 &ndash; 4 g&oacute;i/ng&agrave;y</li>\r\n</ul>', 11, 30000, 27000, 1, '2023-09-23 19:37:14', '2023-10-17 01:14:08', '/storage/uploads/2023/10/17/sup-thuong-cho-meo-vi-ca-hoi-iris-salmon-soup8-400x400.webp'),
(20, 'Súp thưởng cho mèo CIAO Tuna vị cá ngừ biển', 'Súp thưởng cho mèo CIAO Tuna vị cá ngừ biển say nhuyễn kết hợp với Polydextrose và Fructooligosaccharides có lợi cho tiêu hóa và sự hấp thụ dinh dưỡng của mèo. Có thể thưởng cho mèo ăn trực tiếp hoặc trộn cùng với thức ăn khác. Sản phẩm không chưa chất bảo quản. Mèo đặc biệt rất thích loại nước súp thưởng này.ns', '<p>&nbsp;</p>\r\n\r\n<h2>Th&agrave;nh phần dinh dưỡng</h2>\r\n\r\n<p>Thịt c&aacute; ngừ 26%, tinh bột, chất điều vị s&ograve; điệp, chiết xuất men rượu Youliang, dầu đậu n&agrave;nh&hellip;. c&ugrave;ng c&aacute;c hương liệu phụ gia an to&agrave;n kh&aacute;c.</p>\r\n\r\n<h2>Hướng dẫn sử dụng</h2>\r\n\r\n<p>Cho m&egrave;o ăn một ng&agrave;y từ 2 đến 3 lần trở l&ecirc;n, mỗi lần khoảng 1 t&uacute;i. Hoặc c&oacute; thể điều chỉnh t&ugrave;y theo trọng lượng v&agrave; mức độ hoạt động của mỗi b&eacute; m&egrave;o. Xem ng&agrave;y sản xuất ở mặt sau của bao b&igrave;. Thời hạn sử dụng 2 năm kể từ ng&agrave;y sản xuất. Bảo quản trong tủ lạnh sau khi mở. N&ecirc;n h&acirc;m ấm trước khi sử dụng.</p>\r\n\r\n<p>S&uacute;p thưởng cho m&egrave;o CIAO Churu Tuna vị c&aacute; ngừ biển được b&aacute;n nguy&ecirc;n t&uacute;i gồm 4 t&uacute;i nhỏ b&ecirc;n trong, kh&ocirc;ng b&aacute;n rời.</p>', 11, 40000, 30000, 1, '2023-09-25 23:58:22', '2023-10-17 01:14:17', '/storage/uploads/2023/10/17/sup-thuong-cho-meo-ciao-tuna-vi-ca-ngu-400x400.webp'),
(21, 'Thức ăn cho mèo trưởng thành CATIDEA Fairy Chef Adult Nutrition', 'Thức ăn cho mèo trưởng thành CATIDEA Fairy Chef Adult Nutrition dành cho tất cả các giống mèo từ 1 đến 7 tuổi. Sản phẩm với chế độ ăn uống dinh dưỡng dựa trên đặc điểm tuổi tác, lối sống và sức khỏe của mèo trưởng thành. Mang tới cho mèo cưng của bạn một cuộc sống khỏe mạnh và hạnh phúc.', '<h1>Lợi &iacute;ch ch&iacute;nh</h1>\r\n\r\n<p>Những lợi &iacute;ch m&agrave; thức ăn cho m&egrave;o CATIDEA Fairy Chef Adult Nutrition mang lại như:</p>\r\n\r\n<ul>\r\n	<li>C&aacute;c th&agrave;nh phần thịt ph&ugrave; hợp với chế độ ăn uống tự nhi&ecirc;n của m&egrave;o.</li>\r\n	<li>Sự kết hợp dinh dưỡng ch&iacute;nh x&aacute;c v&agrave; c&acirc;n bằng gi&uacute;p m&egrave;o trưởng th&agrave;nh duy tr&igrave; sức khỏe tốt.</li>\r\n	<li>C&aacute;c Axit b&eacute;o Omega &ndash; 3 (EPA v&agrave; DHA) gi&uacute;p l&agrave;n da khỏe mạnh v&agrave; bộ l&ocirc;ng s&aacute;ng b&oacute;ng, mềm mượt. Đặc biệt kh&ocirc;ng bị xơ rối v&agrave; giảm tỷ lệ g&atilde;y rụng hiệu quả.</li>\r\n	<li>Protein chất lượng cao, với chiết xuất Yucca được bổ sung gi&uacute;p giảm khối lượng ph&acirc;n v&agrave; hạn chế m&ugrave;i tối đa.</li>\r\n</ul>\r\n\r\n<h2>Th&agrave;nh phần dinh dưỡng</h2>\r\n\r\n<p>Thức ăn cho m&egrave;o trưởng th&agrave;nh CATIDEA Fairy Chef Adult Nutrition bao gồm: bột g&agrave;, bột c&aacute;, mỡ g&agrave;, gan g&agrave; đ&ocirc;ng lạnh, c&aacute; (5%), thịt g&agrave; đ&ocirc;ng lạnh, bột xương b&ograve;, thịt b&ograve;, bơ, dầu c&aacute;, khoai lang kh&ocirc;, bột khoai t&acirc;y, bột đậu, c&agrave; rốt kh&ocirc;, dầu &ocirc; liu. Thức ăn hỗn hợp gia vị, bột rau bina, b&ocirc;ng cải xanh, rau diếp, khoai mỡ, hạt b&iacute; ng&ocirc;, chuối (0,4%), bột men bia, d&acirc;u tằm, bột việt quất, bột yucca (0,2%). Ngo&agrave;i ra, c&ograve;n c&oacute; thịt c&aacute; v&agrave; th&agrave;nh phần bột c&aacute; (bột c&aacute; Peru, c&aacute; ngừ, c&aacute; hồi, c&aacute; m&ograve;i).</p>\r\n\r\n<h2>Hướng dẫn sử dụng</h2>\r\n\r\n<p>C&oacute; thể cho m&egrave;o sử dụng ri&ecirc;ng thức ăn CATIDEA Fairy Chef Adult Nutrition hoặc kết hợp với 1 lon pate. T&ugrave;y v&agrave;o nhu cầu ăn uống của m&egrave;o cưng. Lưu &yacute; khi cho m&egrave;o ăn, cần cung cấp đầy đủ nước uống b&ecirc;n cạnh.</p>', 11, 250000, 240000, 1, '2023-09-25 23:59:11', '2023-10-17 01:13:44', '/storage/uploads/2023/10/17/thuc-an-cho-meo-truong-thanh-catidea-fairy-chef-adult-nutrition-400x400.webp'),
(22, 'Xương cho chó vị thịt bò VEGEBRAND Orgo Nutrients Beef', 'Xương cho chó vị thịt bò VEGEBRAND Orgo Nutrients Beef dành cho các giống chó có kích thước trung bình có chứa vị thịt bò.', '<p>&nbsp;</p>\r\n\r\n<p>Lợi &iacute;ch ch&iacute;nh<br />\r\nHiệu quả dinh dưỡng cao tăng cường thể chất, bổ sung canxi<br />\r\nRăng nướu chắc khỏe, giảm h&igrave;nh th&agrave;nh mảng b&aacute;m cao răng v&agrave; l&agrave;m sạch răng<br />\r\nSản phẩm xương gặm c&oacute; thể sử dụng cho ăn trực tiếp hoặc cũng c&oacute; thể l&agrave;m đồ ăn thưởng cho ch&uacute; ch&oacute; của bạn<br />\r\nXương cho ch&oacute; vị thịt b&ograve; VEGEBRAND Orgo Nutrients Beef sử dụng thịt b&ograve; tươi ngon, c&oacute; lượng protein cao, c&oacute; hiệu quả th&uacute;c đẩy cơ thịt, bổ sung năng lượng<br />\r\nSản phẩm vị thịt b&ograve;, c&oacute; chứa đầy đủ vitamin B6, c&oacute; thể tăng cường khả năng miễn dịch<br />\r\nTh&uacute;c đẩy việc hợp th&agrave;nh v&agrave; chuyển h&oacute;a Protein, từ đ&oacute; hỗ trợ phục hồi thể trạng yếu hoặc sau khi bị bệnh<br />\r\nThiết kế h&igrave;nh xương c&oacute; thể đ&aacute;p ứng tập t&iacute;nh nhai của những ch&uacute; ch&oacute;, m&aacute;t-xa răng hiệu quả, nướu chắc khỏe, n&acirc;ng cao khả năng nhai của ch&oacute;<br />\r\nTh&agrave;nh phần dinh dưỡng<br />\r\n&nbsp;Protein &ge; 18%, Lysine &ge; 0.3%, Bột tro &le; 5%, Chất xơ &le; 5%, H&agrave;m lượng nước &le; 15%, Muối 0.3-1.5%.</p>\r\n\r\n<p>Xương cho ch&oacute; vị thịt b&ograve; VEGEBRAND Orgo Nutrients Beef được kiểm so&aacute;t nghi&ecirc;m ngặt c&aacute;c nguy&ecirc;n liệu tự nhi&ecirc;n từ những nguy&ecirc;n liệu tươi ngon, kh&ocirc;ng chứa Hoocmon v&agrave; chất kh&aacute;ng sinh, trước khi chế biến, kiểm tra c&aacute;c ti&ecirc;u chuẩn l&yacute; h&oacute;a như protein, chất b&eacute;o, ti&ecirc;u chuẩn sinh vật như chất vi sinh, hợp l&iacute; mới bắt đầu tiến h&agrave;nh sản xuất. Sản phẩm h&igrave;nh xương gi&agrave;u chất dinh dưỡng được chế biến từ thịt b&ograve; tươi ngon chất lượng ngon, gi&agrave;u vitamin v&agrave; protein, c&oacute; thể tăng cường thể chất cũng như l&agrave;m sạch răng.</p>\r\n\r\n<p>Thịt b&ograve; chất lượng tốt.<br />\r\nLượng Protein cao.<br />\r\nGi&agrave;u nguy&ecirc;n tố vi lượng<br />\r\nSử dụng Gelatin thực phẩm<br />\r\nKh&ocirc;ng c&oacute; chất bảo quản, chất k&iacute;ch th&iacute;ch ăn, sắc tố.<br />\r\nTuyệt đối kh&ocirc;ng cho chất h&oacute;a học.<br />\r\nHướng dẫn cho ăn<br />\r\nK&iacute;ch thước&nbsp;&nbsp; &nbsp;Lượng d&ugrave;ng mỗi ng&agrave;y<br />\r\nCh&oacute; con&nbsp;&nbsp; &nbsp;1 c&aacute;i/ng&agrave;y<br />\r\nCh&oacute; k&iacute;ch thước nhỏ&nbsp;&nbsp; &nbsp;1-2 c&aacute;i/ng&agrave;y<br />\r\nCh&oacute; k&iacute;ch thước trung b&igrave;nh&nbsp;&nbsp; &nbsp;3-4 c&aacute;i/ng&agrave;y<br />\r\nCh&oacute; k&iacute;ch thước lớn&nbsp;&nbsp; &nbsp;4-6 c&aacute;i/ng&agrave;y<br />\r\nKiểm tra nghi&ecirc;m ngặt ph&ugrave; hợp với ti&ecirc;u chuẩn FDA Hoa Kỳ.</p>', 6, 15000, 14000, 1, '2023-09-23 19:35:54', '2023-10-16 21:04:15', '/storage/uploads/2023/10/17/xuong-cho-cho-vi-thit-bo-le-vegebrand-orgo-nutrients-beef-400x400.webp'),
(23, 'Thức ăn cho chó Yorkshire MKB All Life Stages Formula Nutrition dành riêng cho giống chó Yorkshire, phù hợp với tất cả các giai đoạn phát triển.', 'Thức ăn cho chó Yorkshire MKB All Life Stages Formula Nutrition dành riêng cho giống chó Yorkshire, phù hợp với tất cả các giai đoạn phát triển.', '<p>&nbsp;</p>\r\n\r\n<h2>Lợi &iacute;ch ch&iacute;nh</h2>\r\n\r\n<p>Thức ăn d&agrave;nh ri&ecirc;ng cho ch&oacute; Yorkshire gi&uacute;p:</p>\r\n\r\n<ul>\r\n	<li>Phục hồi ho&agrave;n to&agrave;n sức khỏe cho Yorkshire Terrier.</li>\r\n	<li>L&agrave;m s&aacute;ng mắt, chăm s&oacute;c l&ocirc;ng v&agrave; da khỏe mạnh. Mang tới cho c&uacute;n cưng bộ l&ocirc;ng d&agrave;y v&agrave; b&oacute;ng mượt.</li>\r\n	<li>Chăm s&oacute;c răng miệng khỏe mạnh, tr&aacute;nh mảng b&aacute;m tr&ecirc;n răng v&agrave; h&ocirc;i miệng.</li>\r\n	<li>Nguồn nguy&ecirc;n liệu thịt đa dạng mang đến hương vị thơm ngon cho những ch&uacute; ch&oacute; k&eacute;n ăn.</li>\r\n</ul>\r\n\r\n<h2>Hướng dẫn cho ăn</h2>\r\n\r\n<p>Đối với ch&oacute; con:</p>\r\n\r\n<table border=\"1\" cellpadding=\"0\" cellspacing=\"0\" dir=\"ltr\">\r\n	<tbody>\r\n		<tr>\r\n			<td>C&acirc;n nặng</td>\r\n			<td>2 &ndash; 3 th&aacute;ng</td>\r\n			<td>4 &ndash; 5 th&aacute;ng tuổi</td>\r\n			<td>6 &ndash; 8 th&aacute;ng tuổi</td>\r\n			<td>9 &ndash; 11 th&aacute;ng tuổi</td>\r\n			<td>12 &ndash; 24 th&aacute;ng tuổi</td>\r\n		</tr>\r\n		<tr>\r\n			<td>1.2 &ndash; 6kg</td>\r\n			<td>50 &ndash; 80g</td>\r\n			<td>80 &ndash; 120g</td>\r\n			<td>60 &ndash; 120g</td>\r\n			<td>120 -160g</td>\r\n			<td>Chế độ ăn trưởng th&agrave;nh</td>\r\n		</tr>\r\n		<tr>\r\n			<td>6 &ndash; 10kg</td>\r\n			<td>55 &ndash; 130g</td>\r\n			<td>130 &ndash; 180g</td>\r\n			<td>95 &ndash; 160g</td>\r\n			<td>140g</td>\r\n			<td>112 &ndash; 140g</td>\r\n		</tr>\r\n		<tr>\r\n			<td>10 &ndash; 22kg</td>\r\n			<td>60 &ndash; 140g</td>\r\n			<td>180 &ndash; 240g</td>\r\n			<td>130 &ndash; 220g</td>\r\n			<td>260g</td>\r\n			<td>240 &ndash; 380g</td>\r\n		</tr>\r\n		<tr>\r\n			<td>22 &ndash; 35kg</td>\r\n			<td>70 &ndash; 210g</td>\r\n			<td>200 &ndash; 320g</td>\r\n			<td>160 &ndash; 320g</td>\r\n			<td>280 &ndash; 390g</td>\r\n			<td>300 &ndash; 450g</td>\r\n		</tr>\r\n		<tr>\r\n			<td>35 &ndash; 45kg</td>\r\n			<td>90 &ndash; 210g</td>\r\n			<td>300 &ndash; 480g</td>\r\n			<td>480 &ndash; 550g</td>\r\n			<td>750 &ndash; 900g</td>\r\n			<td>650 &ndash; 900g</td>\r\n		</tr>\r\n	</tbody>\r\n</table>\r\n\r\n<p>Đối với ch&oacute; trưởng th&agrave;nh:</p>\r\n\r\n<table border=\"1\" cellpadding=\"0\" cellspacing=\"0\" dir=\"ltr\">\r\n	<tbody>\r\n		<tr>\r\n			<td>C&acirc;n nặng</td>\r\n			<td>Lượng ăn</td>\r\n			<td>C&acirc;n nặng</td>\r\n			<td>Lượng ăn</td>\r\n		</tr>\r\n		<tr>\r\n			<td>1.2kg</td>\r\n			<td>35g/ng&agrave;y</td>\r\n			<td>15kg</td>\r\n			<td>230g/ng&agrave;y</td>\r\n		</tr>\r\n		<tr>\r\n			<td>2kg</td>\r\n			<td>60g/ng&agrave;y</td>\r\n			<td>20kg</td>\r\n			<td>280g/ng&agrave;y</td>\r\n		</tr>\r\n		<tr>\r\n			<td>2.5kg</td>\r\n			<td>80g/ng&agrave;y</td>\r\n			<td>25kg</td>\r\n			<td>330g/ng&agrave;y</td>\r\n		</tr>\r\n		<tr>\r\n			<td>5kg</td>\r\n			<td>100g/ng&agrave;y</td>\r\n			<td>30kg</td>\r\n			<td>380g/ng&agrave;y</td>\r\n		</tr>\r\n		<tr>\r\n			<td>10kg</td>\r\n			<td>180g/ng&agrave;y</td>\r\n			<td>40kg</td>\r\n			<td>480g/ng&agrave;y</td>\r\n		</tr>\r\n	</tbody>\r\n</table>', 12, 23000, 22000, 1, '2023-09-23 19:36:35', '2023-10-17 01:13:30', '/storage/uploads/2023/10/17/thuc-an-cho-cho-yorkshire-mkb-all-life-stages-formula-nutrition-400x400.webp'),
(24, 'Sữa cho chó mèo tươi ngon uống liền BIOLINE Pet Milk', 'Sữa cho chó mèo tươi ngon uống liền BIOLINE Pet Milk không chứa lactose ↗ (là đường chính hoặc carbohydrate tự nhiên có trong sữa). Sản phẩm được sản xuất từ công thức sữa bột cho chó mèo BIOLINE Goat Milk  chuyển đổi thành sữa uống trực tiếp, phù hợp cho cả chó và mèo ở mọi độ tuổi.', '<p>&nbsp;</p>\r\n\r\n<h2>Th&agrave;nh phần dinh dưỡng</h2>\r\n\r\n<p>Sữa tươi, whey protein tập trung, canxi sữa. Chất phụ gia: B-galactosidase, taurine, vitamin E, vitamin B1, vitamin B6.</p>\r\n\r\n<h2>C&aacute;ch sử dụng</h2>\r\n\r\n<table>\r\n	<tbody>\r\n		<tr>\r\n			<td><strong>Độ tuổi&nbsp;</strong></td>\r\n			<td><strong>Liều lượng</strong></td>\r\n		</tr>\r\n		<tr>\r\n			<td>Ch&oacute; m&egrave;o &gt; 2 tuần tuổi</td>\r\n			<td>60ml / ng&agrave;y</td>\r\n		</tr>\r\n		<tr>\r\n			<td>Ch&oacute; m&egrave;o 2-4 tuần tuổi</td>\r\n			<td>60-110ml / ng&agrave;y</td>\r\n		</tr>\r\n		<tr>\r\n			<td>Ch&oacute; m&egrave;o &gt; 4 tuần tuổi</td>\r\n			<td>110-220ml / ng&agrave;y</td>\r\n		</tr>\r\n		<tr>\r\n			<td>Ch&oacute; m&egrave;o mang thai v&agrave; cho con b&uacute;</td>\r\n			<td>220ml / ng&agrave;y</td>\r\n		</tr>\r\n		<tr>\r\n			<td>Ch&oacute; m&egrave;o trưởng th&agrave;nh</td>\r\n			<td>220ml / ng&agrave;y</td>\r\n		</tr>\r\n		<tr>\r\n			<td>Ch&oacute; m&egrave;o gi&agrave;</td>\r\n			<td>220ml / ng&agrave;y</td>\r\n		</tr>\r\n	</tbody>\r\n</table>\r\n\r\n<p>Cho ch&oacute; m&egrave;o uống sữa trực tiếp sau khi mở hoặc l&agrave;m lạnh xuống dưới 37&deg;C sau khi h&acirc;m n&oacute;ng. Lượng sữa cho uống c&oacute; thể điều chỉnh theo c&acirc;n nặng, nhu cầu thực tế v&agrave; t&igrave;nh trạng sức khỏe của th&uacute; cưng.</p>\r\n\r\n<p><strong>Bảo quản:</strong>&nbsp;để nơi kh&ocirc; r&aacute;o tho&aacute;ng m&aacute;t tr&aacute;nh &aacute;nh nắng trực tiếp. Sữa cho ch&oacute; m&egrave;o tươi ngon uống liền BIOLINE Pet Milk sau khi mở nắp phải bảo quản trong tủ lạnh v&agrave; d&ugrave;ng c&agrave;ng sớm c&agrave;ng tốt. Lắc đều trước khi d&ugrave;ng.</p>\r\n\r\n<p><strong>Hạn sử dụng:</strong>&nbsp;12 th&aacute;ng (chưa mở nắp).</p>', 15, 60000, 50000, 1, '2023-09-23 19:37:14', '2023-10-17 01:13:18', '/storage/uploads/2023/10/17/sua-cho-cho-meo-tuoi-ngon-uong-lien-bioline-pet-milk-400x400.webp'),
(25, 'Bánh thưởng cho chó vị bánh quy JERHIGH Cookie Bánh thưởng cho chó vị bánh quy JERHIGH Cookie', 'Bánh thưởng cho chó vị bánh quy JERHIGH Cookie mang lại nguồn năng lượng cho tất cả các giống chó.', '<p>&nbsp;</p>\r\n\r\n<h2>Lợi &iacute;ch ch&iacute;nh</h2>\r\n\r\n<p>B&aacute;nh thưởng cho ch&oacute; vị b&aacute;nh quy JERHIGH Cookie l&agrave; m&oacute;n ăn nhẹ c&oacute; thể mang lại rất nhiều lợi &iacute;ch. Ph&ugrave; hợp với c&aacute;c hoạt động của c&uacute;n cưng với việc duy tr&igrave; năng lượng thiết yếu. Thịt g&agrave; mang tới nguồn Protein cao cấp gi&uacute;p ph&aacute;t triển cơ bắp v&agrave; hồi phục c&aacute;c m&ocirc;. Đặc biệt l&agrave; nhanh ch&oacute;ng hồi phục c&aacute;c tổn thương b&ecirc;n trong. Vitamin D3 gi&uacute;p xương v&agrave; răng chắc khỏe. Vitamin B1, B5, B6 l&agrave; những dưỡng chất thiết yếu cho c&aacute;c chức năng của n&atilde;o. K&iacute;ch th&iacute;ch n&atilde;o hoạt động nhanh nhạy v&agrave; c&oacute; những phản xạ linh hoạt hơn trong huấn luyện. Vitamin B1 gi&uacute;p tăng cường hoạt động trao đổi chất. Hỗ trợ ti&ecirc;u h&oacute;a v&agrave; đẩy nhanh qu&aacute; tr&igrave;nh trao đổi chất.</p>\r\n\r\n<p>B&aacute;nh thưởng cho ch&oacute; JERHIGH Cookie được đ&oacute;ng g&oacute;i t&uacute;i kh&oacute;a 70g v&ocirc; c&ugrave;ng tiện dụng. Rất tiện cho việc sử dụng v&agrave; mang theo. JERHIGH Cookie kh&ocirc;ng cần bảo quản lạnh m&agrave; vẫn giữ được hượng vị thơm ngon. Để mang lại hiệu quả tốt nhất, bạn n&ecirc;n đặt cạnh thức ăn của th&uacute; cưng một b&aacute;t nước uống.</p>\r\n\r\n<h2>Th&agrave;nh phần dinh dưỡng</h2>\r\n\r\n<p>B&aacute;nh thưởng cho ch&oacute; vị b&aacute;nh quy JERHIGH Cookie l&agrave; phần thưởng xứng đ&aacute;ng d&agrave;nh tặng cho th&uacute; cưng. Sản phẩm cung cấp nhiều chất dinh dưỡng từ thịt g&agrave;. C&aacute;c th&agrave;nh phần nguy&ecirc;n liệu kh&aacute;c bao gồm: bột m&igrave;, nước, glycerine, đường, chất ổn định, vị thịt, muối, chất bảo quản, vitamin E, chất tạo m&agrave;u tự nhi&ecirc;n. Tất cả đều được xử l&yacute; v&agrave; sản xuất trong m&ocirc;i trường an to&agrave;n. Đảm bảo vệ sinh v&agrave; chất lượng sản phẩm bởi sự gi&aacute;m s&aacute;t của c&aacute;c chuy&ecirc;n gia.</p>', 12, 55000, 50000, 1, '2023-09-25 23:58:22', '2023-10-17 01:12:48', '/storage/uploads/2023/10/17/banh-thuong-cho-cho-vi-banh-quy-jerhigh-cookie-400x400.webp'),
(26, 'Sốt thịt gà hầm kỷ tử rau củ cho chó JERHIGH Chicken Stew With Goji Berry Vegetable', 'TRỌNG LƯỢNG (WEIGHT)	\r\n200 (gr)\r\n\r\nXUẤT XỨ (ORIGIN)	\r\nThái Lan (Thailand)', '<p>M&ocirc; tả<br />\r\nSốt thịt g&agrave; hầm kỷ tử rau củ cho ch&oacute; JERHIGH Chicken Stew With Goji Berry Vegetable được kết hợp từ thịt g&agrave; hầm với kỷ tử (hay c&ograve;n gọi l&agrave; c&acirc;u kỷ tử ninh hạ l&agrave; vị thuốc bồi bổ sức khỏe, tăng cường chức năng thận, l&agrave;m s&aacute;ng mắt) c&ugrave;ng c&aacute;c loại rau củ gi&agrave;u Vitamin C gi&uacute;p tăng cường hệ miễn dịch cho c&uacute;n cưng.</p>\r\n\r\n<p>Lợi &iacute;ch ch&iacute;nh<br />\r\nChất lượng thơm ngon tuyệt hảo, bổ sung c&aacute;c vitamin cần thiết cho ch&oacute;<br />\r\nL&agrave;m từ thịt v&agrave; trứng cao cấp, đạt chuẩn thức ăn cho người<br />\r\nBổ sung rau củ v&agrave; c&aacute;c thực phẩm gi&agrave;u chất dinh dưỡng tốt cho sức khỏe của ch&oacute;<br />\r\nKh&ocirc;ng chứa c&aacute;c chất bảo quản v&agrave; h&oacute;c m&ocirc;n tăng trưởng<br />\r\nKh&ocirc;ng bột ngọt v&agrave; gelatin<br />\r\nSản phẩm JERHIGH Chicken Stew With Goji Berry Vegetable được l&agrave;m từ thịt thật cao cấp kết hợp với c&aacute;c si&ecirc;u thực phẩm gi&agrave;u dinh dưỡng cho ch&oacute; l&agrave; sự lựa chọn ho&agrave;n hảo nhất.</p>', 12, 250000, 240000, 1, '2023-09-25 23:59:11', '2023-10-17 01:12:23', '/storage/uploads/2023/10/17/sot-thit-ga-ham-ky-tu-rau-cu-cho-cho-jerhigh-chicken-stew-with-goji-berry-vegetable-400x400.webp'),
(27, 'Xương cho chó vị sữa PAW Fresh Bone Milk Flavor', 'Xương cho chó vị sữa PAW Fresh Bone Milk Flavor', '<p>M&ocirc; tả<br />\r\nXương cho ch&oacute; vị sữa PAW Fresh Bone Milk Flavor l&agrave; thức ăn nhẹ d&agrave;nh cho tất cả c&aacute;c giống ch&oacute;.</p>\r\n\r\n<p>Lợi &iacute;ch ch&iacute;nh<br />\r\nVới thiết kế giống h&igrave;nh chiếc b&agrave;n chải, xương cho ch&oacute; vị sữa Fresh Bone Milk Flavor cải thiện vệ sinh răng miệng cho th&uacute; cưng<br />\r\nCung cấp chất dinh dưỡng cực tốt. Sữa chứa nhiều canxi hỗ trợ da v&agrave; l&ocirc;ng trở n&ecirc;n mềm mượt hơn<br />\r\nBảo vệ xương v&agrave; răng lu&ocirc;n chắc khỏe<br />\r\nSản phẩm xương gặm gi&uacute;p loại bỏ 99% những mảng b&aacute;m răng cứng đầu, l&agrave;m giảm m&ugrave;i h&ocirc;i miệng<br />\r\nTh&uacute;c đẩy hệ ti&ecirc;u h&oacute;a v&agrave; tr&aacute;nh được những bệnh về đường ruột<br />\r\nTh&agrave;nh phần dinh dưỡng<br />\r\nXương cho ch&oacute; vị sữa PAW Fresh Bone Milk Flavor bao gồm c&aacute;c th&agrave;nh phần: Gluten, bột gạo phồng, tinh bột ng&ocirc;. Glycerin, bơ, bột konjac, protein thủy ph&acirc;n, sữa, g&acirc;n b&ograve;, kali sorbate.</p>\r\n\r\n<p>Ph&acirc;n t&iacute;ch: Protein th&ocirc; (tối thiểu) 10%. Chất b&eacute;o th&ocirc; (tối thiểu) 0,4%. Sợi th&ocirc; (tối đa) 4%. Tro (tối đa) 5%. Độ ẩm (tối đa) 15%. Canxi (tối thiểu) 0,05%. Photpho (tối thiểu) 0,04%. Natri (tối thiểu) 0,02%.</p>', 6, 15000, 14000, 1, '2023-09-23 19:35:54', '2023-10-16 20:27:47', '/storage/uploads/2023/09/24/xuong-cho-cho-vi-sua-paw-fresh-bone-milk-flavor-768x768.webp'),
(28, 'Bánh thưởng cho chó vị trà xanh VEGEBRAND Orgo Freshening Biscuit Green Tea', 'Bánh thưởng cho chó vị trà xanh VEGEBRAND Orgo Freshening Biscuit Green Tea', '<p>M&ocirc; tả</p>\r\n\r\n<p><a href=\"#\" title=\"Bánh thưởng cho chó\">B&aacute;nh thưởng cho ch&oacute;</a>&nbsp;vị tr&agrave; xanh&nbsp;<a href=\"#\" title=\"VEGEBRAND\">VEGEBRAND</a>&nbsp;Orgo Freshening Biscuit Green Tea c&oacute; t&aacute;c dụng l&agrave;m sạch răng cho ch&oacute; vị tr&agrave; xanh. Sản phẩm c&oacute; chứa c&aacute;c th&agrave;nh phần bạc h&agrave; tự nhi&ecirc;n kết hợp với hương vị thịt b&ograve;.</p>\r\n\r\n<h2>Lợi &iacute;ch ch&iacute;nh</h2>\r\n\r\n<ul>\r\n	<li>B&aacute;nh thưởng cho ch&oacute; vị tr&agrave; xanh VEGEBRAND Orgo Freshening Biscuit Green Tea với tinh chất tr&agrave; xanh đầy ngừa h&ocirc;i miệng ở th&uacute; cưng</li>\r\n	<li>Gi&uacute;p th&uacute; cưng c&oacute; một hoi thở thơm v&agrave; tươi m&aacute;t hơn</li>\r\n	<li>Với c&aacute;c b&aacute;nh thưởng h&iacute;nh chữ X. Gi&uacute;p ch&uacute;ng đưa v&agrave;o v&agrave; loại bỏ c&aacute;c mảng b&aacute;m tr&ecirc;n răng cho ch&uacute; ch&oacute; của bạn</li>\r\n	<li>C&oacute; khả năng loại bỏ c&aacute;c vi khuẩn g&acirc;y h&ocirc;i miệng cho ch&uacute; ch&oacute; của bạn một c&aacute;ch nhanh ch&oacute;ng</li>\r\n	<li>Sản phẩm c&oacute; thể kết hợp d&ugrave;ng để huấn luyện</li>\r\n</ul>\r\n\r\n<h2>Th&agrave;nh phần dinh dưỡng</h2>\r\n\r\n<p>B&aacute;nh thưởng cho ch&oacute; vị tr&agrave; xanh VEGEBRAND Orgo Freshening Biscuit Green Tea bao gồm c&aacute;c th&agrave;nh phần như tr&agrave; xanh, tinh bột tự nhi&ecirc;n kh&ocirc;ng biến đổi, Gelatin, chất chống oxy h&oacute;a tự nhi&ecirc;n, Axit b&eacute;o, Protein th&ocirc;, chất xơ th&ocirc;, Canxi, Photpho, Natri.</p>', 12, 23000, 22000, 1, '2023-09-23 19:36:35', '2023-10-17 01:09:31', '/storage/uploads/2023/09/25/banh-thuong-cho-cho-vi-tra-xanh-vegebrand-orgo-freshening-biscuit-green-tea-768x768.webp'),
(29, 'Bánh kem thạch cho chó vị gà nam việt quất JERHIGH Panna Cotta Chicken Cranberry Mousse', 'Bánh kem thạch cho chó vị gà nam việt quất JERHIGH Panna Cotta Chicken Cranberry Mousse', '<p>M&ocirc; tả</p>\r\n\r\n<p>B&aacute;nh kem thạch cho ch&oacute; vị g&agrave; nam việt quất&nbsp;<a href=\"#\" title=\"JERHIGH\">JERHIGH</a>&nbsp;Panna Cotta Chicken Cranberry Mousse. Sản phẩm c&oacute; t&aacute;c dụng chống oxy h&oacute;a, gi&uacute;p c&acirc;n bằng cơ thể cho c&uacute;n cưng. Panna Cotta l&agrave; một m&oacute;n ăn của miền bắc nước &Yacute; nấu kem, sữa v&agrave; đường với bột thạch rồi đợi cho hỗn hợp đ&ocirc;ng lại. M&oacute;n n&agrave;y được l&agrave;m từ những nguy&ecirc;n liệu bổ dưỡng để tạo th&agrave;nh m&oacute;n tr&aacute;ng miệng thịt si&ecirc;u mềm, ngon l&agrave;nh v&agrave; dễ ăn cho ch&oacute;.</p>\r\n\r\n<h2>Lợi &iacute;ch ch&iacute;nh</h2>\r\n\r\n<ul>\r\n	<li>L&agrave;m từ th&agrave;nh phần thịt đạt chuẩn thức ăn cho người.</li>\r\n	<li>Bổ sung c&aacute;c thực phẩm gi&agrave;u dưỡng chất tốt cho sức khỏe của ch&oacute;.</li>\r\n	<li>Kh&ocirc;ng c&oacute; phụ phẩm từ động vật.</li>\r\n	<li>Kh&ocirc;ng chất bảo quản, bột ngọt.</li>\r\n	<li>Chứa chất tạo m&agrave;u tự nhi&ecirc;n.</li>\r\n	<li>D&ugrave;ng l&agrave;m m&oacute;n ăn vặt hoặc tr&aacute;ng miệng.</li>\r\n</ul>\r\n\r\n<h2>Th&agrave;nh phần dinh dưỡng</h2>\r\n\r\n<p>Thịt g&agrave;, tr&aacute;i nam việt quất, tinh bột sắn biến t&iacute;nh, dầu đậu n&agrave;nh, chất l&agrave;m đặc, chiết xuất c&aacute;, bột trứng, chất tạo m&agrave;u.</p>\r\n\r\n<ul>\r\n	<li>Đạm th&ocirc;: tối thiểu 11%</li>\r\n	<li>B&eacute;o th&ocirc;: tối thiểu 2%</li>\r\n	<li>Xơ th&ocirc;: tối đa 1%</li>\r\n	<li>Độ ẩm: tối đa 82%</li>\r\n	<li>Năng lượng: 50 kcal / 100g</li>\r\n</ul>\r\n\r\n<h2>Hướng dẫn sử dụng</h2>\r\n\r\n<p>N&ecirc;n d&ugrave;ng ngay sau khi mở nắp. Nếu kh&ocirc;ng d&ugrave;ng hết, bảo quản trong ngăn m&aacute;t của tủ lạnh trong tối đa 3 ng&agrave;y.</p>\r\n\r\n<ul>\r\n	<li>Ch&oacute; dưới 5 kg: 2 hũ / ng&agrave;y</li>\r\n	<li>Từ 5-10 kg: 2-3 hũ / ng&agrave;y</li>\r\n	<li>Từ 10-30 kg: 3-6 hũ / ng&agrave;y</li>\r\n	<li>Tr&ecirc;n 30 kg: hơn 6 hũ / ng&agrave;y</li>\r\n</ul>\r\n\r\n<p>B&aacute;nh kem thạch cho ch&oacute; vị g&agrave; nam việt quất JERHIGH Panna Cotta Chicken Cranberry Mousse l&agrave; m&oacute;n ăn vặt 2 trong 1, vừa l&agrave; snack vừa c&oacute; thể cho v&agrave;o ngăn lạnh ở nhiệt độ 0 &ndash; 4 độ C để trở th&agrave;nh m&oacute;n kem giải nhiệt trong những ng&agrave;y trời n&oacute;ng bức.</p>', 12, 30000, 27000, 1, '2023-09-23 19:37:14', '2023-10-17 00:49:52', '/storage/uploads/2023/09/24/banh-kem-thach-cho-cho-vi-ga-viet-quat-jerhigh-panna-cotta-chicken-cranberry-mousse-768x768.webp'),
(30, 'Thuốc xổ giun cho mèo BAYER Drontal Cat', 'Thuốc xổ giun cho mèo BAYER Drontal Cat', '<p>M&ocirc; tả</p>\r\n\r\n<p>Thuốc xổ giun cho m&egrave;o&nbsp;<a href=\"#\" title=\"BAYER\">BAYER</a>&nbsp;Drontal Cat sử dụng cho m&egrave;o con tr&ecirc;n 6 tuần tuổi. Sử dụng 1 vi&ecirc;n cho thể trọng 4kg. C&oacute; thể cho m&egrave;o ăn trực tiếp hoặc trộn lẫn v&agrave;o thức ăn.</p>\r\n\r\n<h2>Lợi &iacute;ch ch&iacute;nh</h2>\r\n\r\n<p>Thuốc xổ giun cho m&egrave;o BAYER Drontal Cat với c&aacute;c th&agrave;nh phần Praziquantel v&agrave; Pyrantel embonate gi&uacute;p sổ c&aacute;c loại giun như giun m&oacute;c, giun đũa, giun dẹp, giun tr&ograve;n, s&aacute;n d&acirc;y&hellip; g&acirc;y ra chứng biếng ăn, n&ocirc;n &oacute;i, chậm ph&aacute;t triển&hellip; ở m&egrave;o.</p>\r\n\r\n<p>Chống chỉ định với m&egrave;o đang mang thai. Kh&ocirc;ng sử dụng cho m&egrave;o con dưới 6 tuần tuổi. Khuyến c&aacute;o chủ nu&ocirc;i n&ecirc;n tẩy giun c&ugrave;ng thời điểm với m&egrave;o. 1 hộp c&oacute; 60 vi&ecirc;n (c&oacute; b&aacute;n lẻ).</p>', 8, 55000, 50000, 1, '2023-09-25 23:58:22', '2023-10-17 00:49:43', '/storage/uploads/2023/09/26/thuoc-xo-giun-cho-meo-bayer-drontal-cat-400x400.webp');
INSERT INTO `products` (`id`, `name`, `description`, `content`, `menu_id`, `price`, `price_sale`, `active`, `created_at`, `updated_at`, `thumb`) VALUES
(31, 'Thuốc xịt trị ve rận cho chó mèo MERIAL Frontline Spray Treatment', 'Thuốc xịt trị ve rận cho chó mèo MERIAL Frontline Spray Treatment', '<h1>M&ocirc; tả</h1>\r\n\r\n<p>Thuốc xịt trị ve rận cho ch&oacute; m&egrave;o&nbsp;<a href=\"#\" title=\"MERIAL\">MERIAL</a>&nbsp;Frontline Spray Treatment được b&aacute;c sĩ&nbsp;<a href=\"https://www.petmart.vn/hoi-dap-thu-y-mien-phi\" title=\"thú y\">th&uacute; y</a>&nbsp;tin d&ugrave;ng. Với hơn 100 quốc gia đăng k&yacute; sử dụng, ti&ecirc;u thụ hơn 1 tỷ chai. Thuốc c&oacute; dược t&iacute;nh nhẹ nh&agrave;ng kh&ocirc;ng ngấm v&agrave;o m&aacute;u. V&igrave; thế an to&agrave;n sử dụng cho ch&oacute; m&egrave;o. Bao gồm ch&oacute; đang cho con b&uacute; v&agrave; ch&oacute; m&egrave;o con. Kh&ocirc;ng l&agrave;m hại đến th&uacute; cưng v&agrave; người. Sử dụng l&acirc;u d&agrave;i c&oacute; thể l&agrave;m sạch s&acirc;u bọ ho&agrave;n to&agrave;n.</p>\r\n\r\n<h2>Lợi &iacute;ch ch&iacute;nh</h2>\r\n\r\n<p>Thuốc xịt trị ve rận cho ch&oacute; m&egrave;o MERIAL Frontline Spray Treatmentdiệt sạch bọ ch&eacute;t v&agrave; rận 4 tiếng. 48 tiếng diệt sạch rệp. Kh&ocirc;ng cần đợi thuốc thấm v&agrave;o m&aacute;u đ&atilde; khiến bọ h&uacute;t m&aacute;u chết, lại c&oacute; thể tr&aacute;nh c&aacute;c bệnh rệp l&acirc;y truyền. C&oacute; thể duy tr&igrave;n hơn 1 th&aacute;ng, ức chế bọ ch&eacute;t chưa trưởng th&agrave;nh hiệu quả, c&oacute; thể k&eacute;o d&agrave;i trong 6 tuần. Trong thuốc chứa tuyến b&atilde;. Bảo vệ thuốc tr&ecirc;n cơ thể th&uacute; cưng l&acirc;u d&agrave;i. Nếu tắm nước ấm v&agrave; nghịch nước, t&aacute;c dụng của thuốc vẫn được duy tr&igrave; cả một th&aacute;ng.</p>\r\n\r\n<h2>C&aacute;ch sử dụng</h2>\r\n\r\n<p><strong>Đối với m&egrave;o</strong>: Giữ chặt g&aacute;y m&egrave;o, l&agrave;m ướt người. Kh&ocirc;ng n&ecirc;n qu&ecirc;n phần mặt v&agrave; đu&ocirc;i. Để tr&aacute;nh thuốc trực tiếp xịt v&agrave;o mặt, trước ti&ecirc;n xịt thuốc l&ecirc;n 1 c&aacute;i khăn mềm, nhẹ nh&agrave;ng lau mặt m&egrave;o. Nếu m&egrave;o đeo v&ograve;ng cổ, phải đảm bảo phần da dưới v&ograve;ng cổ cũng được xịt thuốc.</p>\r\n\r\n<p><strong>Đối với ch&oacute;</strong>: Sau khi t&iacute;nh được số lượng phun l&ecirc;n theo trọng lượng cơ thể, chia số lần phun th&agrave;nh 5. Phun ở 5 vị tr&iacute;. V&iacute; dụ ch&oacute; nặng 10kg, mỗi kg phun 3-6ml/kg. Tổng lượng Frontline phun l&agrave; 30 &ndash; 60ml/kg. Sử dụng Frontline 250ml, số lần phun l&agrave; 20 &ndash; 40 lần. Chia th&agrave;nh 5 vị tr&iacute;, mỗi vi tr&iacute; phun 4 &ndash; 8 lần.</p>\r\n\r\n<ul>\r\n	<li>Vị tr&iacute; 1: bắt đầu từ ch&acirc;n tr&aacute;i ph&iacute;a trước, phun hướng l&ecirc;n tr&ecirc;n ngực, bụng, đến ch&acirc;n tr&aacute;i ph&iacute;a sau.</li>\r\n	<li>Vị tr&iacute; 2: ch&acirc;n phải của động vật theo tr&igrave;nh tự như tr&ecirc;n.</li>\r\n	<li>Vị tr&iacute; 3: phun từ cổ đến ngực, thắt lưng v&agrave; đu&ocirc;i.</li>\r\n	<li>Vị tr&iacute; 4: đầu (bao gồm cả đỉnh), mặt, cằm v&agrave; cổ. Tr&aacute;nh phun rực tiếp l&ecirc;n mặt, phun Frontlin l&ecirc;n một c&aacute;i khăn mềm, nhẹ nh&agrave;ng lau l&ecirc;n mặt. Nếu cổ ch&oacute; đeo v&ograve;ng, phải chắc chắn phần da dưới v&ograve;ng cũng được phun thuốc.</li>\r\n	<li>Vị tr&iacute; 5: phần bụng, cằm v&agrave; cổ, ngực, h&aacute;ng v&agrave; trong 4 ch&acirc;n cũng đều phải phun Frontline.</li>\r\n</ul>\r\n\r\n<p>Thuốc chứa liều lượng 3 &ndash; 6ml/kg, mỗi lần lấy ra 0.5ml. Nếu kh&ocirc;ng c&oacute; c&aacute;ch giữ ch&oacute; ngồi y&ecirc;n để xịt thuốc, c&oacute; thể nhờ người kh&aacute;c gi&uacute;p đỡ. Khi sử dụng thuốc xịt, ch&uacute; &yacute; tr&aacute;nh xịt v&agrave;o mũi của ch&oacute;. Tr&aacute;nh dẫn đến t&igrave;nh trạng kh&ocirc;ng th&iacute;ch hợp. Trước khi d&ugrave;ng sản phẩm, sau hai ng&agrave;y kh&ocirc;ng n&ecirc;n tắm cho th&uacute; cưng, c&oacute; thể c&oacute; loại x&agrave; b&ocirc;ng c&oacute; hiệu quả rửa sạch hiệu quả thuốc.</p>', 6, 250000, 240000, 1, '2023-09-25 23:59:11', '2023-10-16 20:26:23', '/storage/uploads/2023/09/26/thuoc-xit-tri-ve-ran-cho-cho-meo-merial-frontline-spray-treatment.jpg');

-- --------------------------------------------------------

--
-- Table structure for table `sliders`
--

CREATE TABLE `sliders` (
  `id` bigint UNSIGNED NOT NULL,
  `name` varchar(255) CHARACTER SET utf8mb4 COLLATE utf8mb4_unicode_ci NOT NULL,
  `url` varchar(255) CHARACTER SET utf8mb4 COLLATE utf8mb4_unicode_ci DEFAULT NULL,
  `thumb` varchar(255) CHARACTER SET utf8mb4 COLLATE utf8mb4_unicode_ci NOT NULL,
  `sort_by` int NOT NULL,
  `active` int NOT NULL,
  `created_at` timestamp NULL DEFAULT NULL,
  `updated_at` timestamp NULL DEFAULT NULL
) ENGINE=InnoDB DEFAULT CHARSET=utf8mb4 COLLATE=utf8mb4_unicode_ci;

--
-- Dumping data for table `sliders`
--

INSERT INTO `sliders` (`id`, `name`, `url`, `thumb`, `sort_by`, `active`, `created_at`, `updated_at`) VALUES
(1, 'pet shop and accesories', '#', '/storage/uploads/2023/09/29/banner-02.jpg', 1, 1, '2023-09-29 07:09:25', '2023-09-29 07:21:09'),
(2, 'pet shop and accesories', '#', '/storage/uploads/2023/09/29/banner-01.jpg', 1, 1, '2023-09-29 07:09:53', '2023-09-29 07:20:42');

-- --------------------------------------------------------

--
-- Table structure for table `users`
--

CREATE TABLE `users` (
  `id` bigint UNSIGNED NOT NULL,
  `name` varchar(255) CHARACTER SET utf8mb4 COLLATE utf8mb4_unicode_ci NOT NULL,
  `email` varchar(255) CHARACTER SET utf8mb4 COLLATE utf8mb4_unicode_ci NOT NULL,
  `email_verified_at` timestamp NULL DEFAULT NULL,
  `password` varchar(255) CHARACTER SET utf8mb4 COLLATE utf8mb4_unicode_ci NOT NULL,
  `phone_number` varchar(10) CHARACTER SET utf8mb4 COLLATE utf8mb4_unicode_ci DEFAULT NULL,
  `gender` enum('male','female','other') CHARACTER SET utf8mb4 COLLATE utf8mb4_unicode_ci DEFAULT NULL,
  `birth_date` date DEFAULT NULL,
  `status` varchar(20) CHARACTER SET utf8mb4 COLLATE utf8mb4_unicode_ci DEFAULT NULL,
  `remember_token` varchar(100) CHARACTER SET utf8mb4 COLLATE utf8mb4_unicode_ci DEFAULT NULL,
  `created_at` timestamp NULL DEFAULT NULL,
  `updated_at` timestamp NULL DEFAULT NULL,
  `level` int NOT NULL DEFAULT '1'
) ENGINE=InnoDB DEFAULT CHARSET=utf8mb4 COLLATE=utf8mb4_unicode_ci;

--
-- Dumping data for table `users`
--

INSERT INTO `users` (`id`, `name`, `email`, `email_verified_at`, `password`, `phone_number`, `gender`, `birth_date`, `status`, `remember_token`, `created_at`, `updated_at`, `level`) VALUES
(1, 'admin', 'admin@localhost.com', NULL, '$2y$10$T6i.YyLPjGtWhBLYJQC1fePFsdgiAW9kCDwWcQIpmYkztr1Zx4b3.', NULL, NULL, NULL, '', NULL, '2023-09-14 08:24:51', '2023-10-11 23:43:13', 0),
(4, 'GIAP TRUONG VAN', 'truongvangiap04@gmail.com', NULL, '$2y$10$SrOuDmfAEH3nCMieZ0vdoOkwgpcVoFAmWv1zmSOQGaH/l0nE3Cque', NULL, NULL, NULL, '', NULL, '2023-10-10 07:07:47', '2023-10-10 07:07:47', 1),
(5, 'test12', 'test1@gmail.com', NULL, '$2y$10$7bLRP1H4pA44/pndBd2bluTkxihdq.e8SXogKhEV0ylHt.2tUcr9a', NULL, NULL, NULL, '', NULL, '2023-10-12 01:09:58', '2024-02-19 22:57:18', 0),
(6, 'test2', 'test2@gmail.com', NULL, '$2y$10$Ltm3bm3na9QjsIxpAeHKpu66ksyO.RQEo6idrkqnT/OIf3bmeqkRu', NULL, NULL, NULL, '', NULL, '2023-10-12 01:12:27', '2023-10-12 01:12:27', 1),
(7, 'test3', 'test3@gmail.com', NULL, '$2y$10$PpLjv1Rlxct/IuYZLBdqo.duV7WiPmnFCMkN/9haUkWZ2sUje7UMi', NULL, NULL, NULL, '', NULL, '2023-10-12 01:13:52', '2023-10-12 01:13:52', 1),
(10, 'beovan', 'beovan204@gmail.com', NULL, '$2y$10$Megle3Har.ZMZTsPGUwMcOTYYT/WJ5Mvb224QunLOXTpXuaIYVM8S', NULL, NULL, NULL, NULL, 'zNVr0EaJQjGSDNL3L7A3iRxtaxFOsTpI76tbNBHU0UQgPTeclJ0iYST6oqd1', '2024-01-15 07:46:56', '2024-02-19 23:00:36', 1),
(14, 'name', 'name@gmail.com', NULL, '$2y$10$MNtONERpIbexHaryyMgCBewyqyiSGQEyOTwslHm3SFXTSNtzVLvwy', NULL, NULL, NULL, NULL, NULL, '2024-01-19 07:59:20', '2024-01-19 07:59:20', 1),
(15, 'name1', 'name1@gmail.com', NULL, '$2y$10$VsS6vHqK2kUyKh4zk6wQAOXE7Y0y7tipnoEmxBYkTPapS1h8eocc2', NULL, NULL, NULL, NULL, NULL, '2024-01-19 22:39:17', '2024-01-19 22:39:17', 1);

--
-- Indexes for dumped tables
--

--
-- Indexes for table `addresses`
--
ALTER TABLE `addresses`
  ADD PRIMARY KEY (`id`),
  ADD KEY `addresses_user_id_foreign` (`user_id`);

--
-- Indexes for table `carts`
--
ALTER TABLE `carts`
  ADD PRIMARY KEY (`id`),
  ADD KEY `carts_customer_id_foreign` (`customer_id`),
  ADD KEY `carts_products_id_foreign` (`product_id`);

--
-- Indexes for table `comments`
--
ALTER TABLE `comments`
  ADD PRIMARY KEY (`id`),
  ADD KEY `comments_user_id_foreign` (`user_id`),
  ADD KEY `comments_post_id_foreign` (`post_id`);

--
-- Indexes for table `crawls`
--
ALTER TABLE `crawls`
  ADD PRIMARY KEY (`id`);

--
-- Indexes for table `customers`
--
ALTER TABLE `customers`
  ADD PRIMARY KEY (`id`),
  ADD KEY `customers_user_id_forein` (`user_id`);

--
-- Indexes for table `failed_jobs`
--
ALTER TABLE `failed_jobs`
  ADD PRIMARY KEY (`id`),
  ADD UNIQUE KEY `failed_jobs_uuid_unique` (`uuid`);

--
-- Indexes for table `jobs`
--
ALTER TABLE `jobs`
  ADD PRIMARY KEY (`id`),
  ADD KEY `jobs_queue_index` (`queue`);

--
-- Indexes for table `menus`
--
ALTER TABLE `menus`
  ADD PRIMARY KEY (`id`);

--
-- Indexes for table `migrations`
--
ALTER TABLE `migrations`
  ADD PRIMARY KEY (`id`);

--
-- Indexes for table `orders`
--
ALTER TABLE `orders`
  ADD PRIMARY KEY (`id`),
  ADD UNIQUE KEY `orders_order_number_unique` (`order_number`),
  ADD KEY `orders_customers_id_forein` (`customer_id`);

--
-- Indexes for table `order_items`
--
ALTER TABLE `order_items`
  ADD PRIMARY KEY (`id`),
  ADD KEY `order_items_order_id_foreign` (`order_id`),
  ADD KEY `order_items_product_id_foreign` (`product_id`);

--
-- Indexes for table `password_resets`
--
ALTER TABLE `password_resets`
  ADD KEY `password_resets_email_index` (`email`);

--
-- Indexes for table `password_reset_tokens`
--
ALTER TABLE `password_reset_tokens`
  ADD PRIMARY KEY (`email`);

--
-- Indexes for table `personal_access_tokens`
--
ALTER TABLE `personal_access_tokens`
  ADD PRIMARY KEY (`id`),
  ADD UNIQUE KEY `personal_access_tokens_token_unique` (`token`),
  ADD KEY `personal_access_tokens_tokenable_type_tokenable_id_index` (`tokenable_type`,`tokenable_id`);

--
-- Indexes for table `posts`
--
ALTER TABLE `posts`
  ADD PRIMARY KEY (`id`);

--
-- Indexes for table `products`
--
ALTER TABLE `products`
  ADD PRIMARY KEY (`id`),
  ADD KEY `products_menu_id_forein` (`menu_id`);

--
-- Indexes for table `sliders`
--
ALTER TABLE `sliders`
  ADD PRIMARY KEY (`id`);

--
-- Indexes for table `users`
--
ALTER TABLE `users`
  ADD PRIMARY KEY (`id`),
  ADD UNIQUE KEY `users_email_unique` (`email`);

--
-- AUTO_INCREMENT for dumped tables
--

--
-- AUTO_INCREMENT for table `addresses`
--
ALTER TABLE `addresses`
  MODIFY `id` bigint UNSIGNED NOT NULL AUTO_INCREMENT;

--
-- AUTO_INCREMENT for table `carts`
--
ALTER TABLE `carts`
  MODIFY `id` bigint UNSIGNED NOT NULL AUTO_INCREMENT, AUTO_INCREMENT=15;

--
-- AUTO_INCREMENT for table `comments`
--
ALTER TABLE `comments`
  MODIFY `id` bigint UNSIGNED NOT NULL AUTO_INCREMENT, AUTO_INCREMENT=3;

--
-- AUTO_INCREMENT for table `crawls`
--
ALTER TABLE `crawls`
  MODIFY `id` bigint UNSIGNED NOT NULL AUTO_INCREMENT;

--
-- AUTO_INCREMENT for table `customers`
--
ALTER TABLE `customers`
  MODIFY `id` bigint UNSIGNED NOT NULL AUTO_INCREMENT, AUTO_INCREMENT=122;

--
-- AUTO_INCREMENT for table `failed_jobs`
--
ALTER TABLE `failed_jobs`
  MODIFY `id` bigint UNSIGNED NOT NULL AUTO_INCREMENT, AUTO_INCREMENT=10;

--
-- AUTO_INCREMENT for table `jobs`
--
ALTER TABLE `jobs`
  MODIFY `id` bigint UNSIGNED NOT NULL AUTO_INCREMENT, AUTO_INCREMENT=68;

--
-- AUTO_INCREMENT for table `menus`
--
ALTER TABLE `menus`
  MODIFY `id` bigint UNSIGNED NOT NULL AUTO_INCREMENT, AUTO_INCREMENT=18;

--
-- AUTO_INCREMENT for table `migrations`
--
ALTER TABLE `migrations`
  MODIFY `id` int UNSIGNED NOT NULL AUTO_INCREMENT, AUTO_INCREMENT=22;

--
-- AUTO_INCREMENT for table `orders`
--
ALTER TABLE `orders`
  MODIFY `id` bigint UNSIGNED NOT NULL AUTO_INCREMENT, AUTO_INCREMENT=45;

--
-- AUTO_INCREMENT for table `order_items`
--
ALTER TABLE `order_items`
  MODIFY `id` bigint UNSIGNED NOT NULL AUTO_INCREMENT, AUTO_INCREMENT=27;

--
-- AUTO_INCREMENT for table `personal_access_tokens`
--
ALTER TABLE `personal_access_tokens`
  MODIFY `id` bigint UNSIGNED NOT NULL AUTO_INCREMENT;

--
-- AUTO_INCREMENT for table `posts`
--
ALTER TABLE `posts`
  MODIFY `id` bigint UNSIGNED NOT NULL AUTO_INCREMENT, AUTO_INCREMENT=4;

--
-- AUTO_INCREMENT for table `products`
--
ALTER TABLE `products`
  MODIFY `id` bigint UNSIGNED NOT NULL AUTO_INCREMENT, AUTO_INCREMENT=32;

--
-- AUTO_INCREMENT for table `sliders`
--
ALTER TABLE `sliders`
  MODIFY `id` bigint UNSIGNED NOT NULL AUTO_INCREMENT, AUTO_INCREMENT=4;

--
-- AUTO_INCREMENT for table `users`
--
ALTER TABLE `users`
  MODIFY `id` bigint UNSIGNED NOT NULL AUTO_INCREMENT, AUTO_INCREMENT=16;

--
-- Constraints for dumped tables
--

--
-- Constraints for table `addresses`
--
ALTER TABLE `addresses`
  ADD CONSTRAINT `addresses_user_id_foreign` FOREIGN KEY (`user_id`) REFERENCES `users` (`id`) ON DELETE CASCADE;

--
-- Constraints for table `carts`
--
ALTER TABLE `carts`
  ADD CONSTRAINT `carts_customer_id_foreign` FOREIGN KEY (`customer_id`) REFERENCES `customers` (`id`) ON DELETE CASCADE,
  ADD CONSTRAINT `carts_products_id_foreign` FOREIGN KEY (`product_id`) REFERENCES `products` (`id`) ON DELETE CASCADE ON UPDATE RESTRICT;

--
-- Constraints for table `comments`
--
ALTER TABLE `comments`
  ADD CONSTRAINT `comments_post_id_foreign` FOREIGN KEY (`post_id`) REFERENCES `posts` (`id`),
  ADD CONSTRAINT `comments_user_id_foreign` FOREIGN KEY (`user_id`) REFERENCES `users` (`id`);

--
-- Constraints for table `customers`
--
ALTER TABLE `customers`
  ADD CONSTRAINT `customers_user_id_forein` FOREIGN KEY (`user_id`) REFERENCES `users` (`id`) ON DELETE CASCADE ON UPDATE CASCADE;

--
-- Constraints for table `orders`
--
ALTER TABLE `orders`
  ADD CONSTRAINT `orders_customers_id_forein` FOREIGN KEY (`customer_id`) REFERENCES `customers` (`id`) ON DELETE CASCADE ON UPDATE RESTRICT;

--
-- Constraints for table `order_items`
--
ALTER TABLE `order_items`
  ADD CONSTRAINT `order_items_order_id_foreign` FOREIGN KEY (`order_id`) REFERENCES `orders` (`id`) ON DELETE CASCADE,
  ADD CONSTRAINT `order_items_product_id_foreign` FOREIGN KEY (`product_id`) REFERENCES `products` (`id`) ON DELETE CASCADE;

--
-- Constraints for table `products`
--
ALTER TABLE `products`
  ADD CONSTRAINT `products_menu_id_forein` FOREIGN KEY (`menu_id`) REFERENCES `menus` (`id`) ON DELETE CASCADE ON UPDATE RESTRICT;
COMMIT;

/*!40101 SET CHARACTER_SET_CLIENT=@OLD_CHARACTER_SET_CLIENT */;
/*!40101 SET CHARACTER_SET_RESULTS=@OLD_CHARACTER_SET_RESULTS */;
/*!40101 SET COLLATION_CONNECTION=@OLD_COLLATION_CONNECTION */;
